일자,금리
2000-04-27,6.2200
2000-04-28,6.2100
2000-05-01,6.2600
2000-05-02,6.3000
2000-05-03,6.3900
2000-05-04,6.4300
2000-05-05,6.5000
2000-05-08,6.5600
2000-05-09,6.5200
2000-05-10,6.4300
2000-05-11,6.4000
2000-05-12,6.4900
2000-05-15,6.4500
2000-05-16,6.4100
2000-05-17,6.4800
2000-05-18,6.5300
2000-05-19,6.4900
2000-05-22,6.4400
2000-05-23,6.4200
2000-05-24,6.4600
2000-05-25,6.3800
2000-05-26,6.3200
2000-05-30,6.3700
2000-05-31,6.2700
2000-06-01,6.1800
2000-06-02,6.1500
2000-06-05,6.1100
2000-06-06,6.1200
2000-06-07,6.1200
2000-06-08,6.1100
2000-06-09,6.1100
2000-06-12,6.0800
2000-06-13,6.1000
2000-06-14,6.0400
2000-06-15,6.0400
2000-06-16,5.9700
2000-06-19,6.0000
2000-06-20,6.0100
2000-06-21,6.1000
2000-06-22,6.1000
2000-06-23,6.1800
2000-06-26,6.0900
2000-06-27,6.0800
2000-06-28,6.1000
2000-06-29,6.0300
2000-06-30,6.0200
2000-07-03,5.9900
2000-07-05,5.9700
2000-07-06,6.0400
2000-07-07,6.0000
2000-07-10,6.0200
2000-07-11,6.0400
2000-07-12,6.0700
2000-07-13,6.0000
2000-07-14,6.1000
2000-07-17,6.1400
2000-07-18,6.1400
2000-07-19,6.1500
2000-07-20,6.0000
2000-07-21,5.9900
2000-07-24,6.0200
2000-07-25,6.0100
2000-07-26,6.0200
2000-07-27,6.0000
2000-07-28,6.0300
2000-07-31,6.0300
2000-08-01,5.9800
2000-08-02,5.9700
2000-08-03,5.9500
2000-08-04,5.8900
2000-08-07,5.9500
2000-08-08,5.9100
2000-08-09,5.9100
2000-08-10,5.7600
2000-08-11,5.7800
2000-08-14,5.7700
2000-08-15,5.8000
2000-08-16,5.8300
2000-08-17,5.8000
2000-08-18,5.7700
2000-08-21,5.7800
2000-08-22,5.7700
2000-08-23,5.7200
2000-08-24,5.7200
2000-08-25,5.7100
2000-08-28,5.7700
2000-08-29,5.8000
2000-08-30,5.7900
2000-08-31,5.7200
2000-09-01,5.6800
2000-09-05,5.6800
2000-09-06,5.7200
2000-09-07,5.7500
2000-09-08,5.7300
2000-09-11,5.7700
2000-09-12,5.7600
2000-09-13,5.7300
2000-09-14,5.7800
2000-09-15,5.8300
2000-09-18,5.8700
2000-09-19,5.8500
2000-09-20,5.8900
2000-09-21,5.8600
2000-09-22,5.8400
2000-09-25,5.8300
2000-09-26,5.8000
2000-09-27,5.8200
2000-09-28,5.8100
2000-09-29,5.7800
2000-10-02,5.8200
2000-10-03,5.8500
2000-10-04,5.8900
2000-10-05,5.8500
2000-10-06,5.8200
2000-10-09,5.8200
2000-10-10,5.8000
2000-10-11,5.7700
2000-10-12,5.7100
2000-10-13,5.7200
2000-10-16,5.7300
2000-10-17,5.6700
2000-10-18,5.6500
2000-10-19,5.6500
2000-10-20,5.6300
2000-10-23,5.5800
2000-10-24,5.6200
2000-10-25,5.6700
2000-10-26,5.6800
2000-10-27,5.7100
2000-10-30,5.7300
2000-10-31,5.7500
2000-11-01,5.7400
2000-11-02,5.7400
2000-11-03,5.8200
2000-11-06,5.8400
2000-11-07,5.8600
2000-11-08,5.8500
2000-11-09,5.8000
2000-11-10,5.7800
2000-11-13,5.7600
2000-11-14,5.7500
2000-11-15,5.7100
2000-11-16,5.6600
2000-11-17,5.6900
2000-11-20,5.6700
2000-11-21,5.6600
2000-11-22,5.5900
2000-11-24,5.6200
2000-11-27,5.6200
2000-11-28,5.5800
2000-11-29,5.5200
2000-11-30,5.4700
2000-12-01,5.5000
2000-12-04,5.5100
2000-12-05,5.4200
2000-12-06,5.2900
2000-12-07,5.3000
2000-12-08,5.2900
2000-12-11,5.3500
2000-12-12,5.3400
2000-12-13,5.2500
2000-12-14,5.2000
2000-12-15,5.1800
2000-12-18,5.1500
2000-12-19,5.1800
2000-12-20,5.0300
2000-12-21,5.0300
2000-12-22,5.0100
2000-12-26,5.0400
2000-12-27,5.0900
2000-12-28,5.1200
2000-12-29,5.1000
2001-01-02,4.9100
2001-01-03,5.1500
2001-01-04,5.0200
2001-01-05,4.9200
2001-01-08,4.9400
2001-01-09,4.9800
2001-01-10,5.0800
2001-01-11,5.1000
2001-01-12,5.2400
2001-01-16,5.2300
2001-01-17,5.1700
2001-01-18,5.0900
2001-01-19,5.1700
2001-01-22,5.2200
2001-01-23,5.2700
2001-01-24,5.3000
2001-01-25,5.2500
2001-01-26,5.2600
2001-01-29,5.2900
2001-01-30,5.2200
2001-01-31,5.1100
2001-02-01,5.0700
2001-02-02,5.1300
2001-02-05,5.1500
2001-02-06,5.1800
2001-02-07,5.1900
2001-02-08,5.0800
2001-02-09,5.0200
2001-02-12,5.0400
2001-02-13,5.0600
2001-02-14,5.1300
2001-02-15,5.1600
2001-02-16,5.0900
2001-02-20,5.1000
2001-02-21,5.1300
2001-02-22,5.1400
2001-02-23,5.0900
2001-02-26,5.0400
2001-02-27,4.9400
2001-02-28,4.9000
2001-03-01,4.8600
2001-03-02,4.9300
2001-03-05,4.9700
2001-03-06,4.9700
2001-03-07,4.8900
2001-03-08,4.8800
2001-03-09,4.9300
2001-03-12,4.8900
2001-03-13,4.9300
2001-03-14,4.8200
2001-03-15,4.7800
2001-03-16,4.7500
2001-03-19,4.8100
2001-03-20,4.7500
2001-03-21,4.7600
2001-03-22,4.7300
2001-03-23,4.8000
2001-03-26,4.8600
2001-03-27,5.0000
2001-03-28,4.9600
2001-03-29,4.9900
2001-03-30,4.9100
2001-04-02,4.9500
2001-04-03,4.9200
2001-04-04,4.9200
2001-04-05,4.9600
2001-04-06,4.8800
2001-04-09,4.9200
2001-04-10,5.0800
2001-04-11,5.1200
2001-04-12,5.1600
2001-04-16,5.2200
2001-04-17,5.2000
2001-04-18,5.1400
2001-04-19,5.2800
2001-04-20,5.2700
2001-04-23,5.1800
2001-04-24,5.1900
2001-04-25,5.1900
2001-04-26,5.1700
2001-04-27,5.3200
2001-04-30,5.3300
2001-05-01,5.2800
2001-05-02,5.2800
2001-05-03,5.2000
2001-05-04,5.1900
2001-05-07,5.1900
2001-05-08,5.2300
2001-05-09,5.1600
2001-05-10,5.2800
2001-05-11,5.4400
2001-05-14,5.4300
2001-05-15,5.4900
2001-05-16,5.3900
2001-05-17,5.4000
2001-05-18,5.4000
2001-05-21,5.3800
2001-05-22,5.4000
2001-05-23,5.3900
2001-05-24,5.4900
2001-05-25,5.4900
2001-05-29,5.5100
2001-05-30,5.4900
2001-05-31,5.3700
2001-06-01,5.3600
2001-06-04,5.3300
2001-06-05,5.2600
2001-06-06,5.2500
2001-06-07,5.3100
2001-06-08,5.3300
2001-06-11,5.2800
2001-06-12,5.2500
2001-06-13,5.2600
2001-06-14,5.2300
2001-06-15,5.2200
2001-06-18,5.2300
2001-06-19,5.2300
2001-06-20,5.2000
2001-06-21,5.1700
2001-06-22,5.1200
2001-06-25,5.1200
2001-06-26,5.2100
2001-06-27,5.2300
2001-06-28,5.3300
2001-06-29,5.3600
2001-07-02,5.3200
2001-07-03,5.3300
2001-07-05,5.3600
2001-07-06,5.3600
2001-07-09,5.3100
2001-07-10,5.2600
2001-07-11,5.2900
2001-07-12,5.2300
2001-07-13,5.2200
2001-07-16,5.1500
2001-07-17,5.2000
2001-07-18,5.0800
2001-07-19,5.0900
2001-07-20,5.1200
2001-07-23,5.1000
2001-07-24,5.1100
2001-07-25,5.1700
2001-07-26,5.1300
2001-07-27,5.0900
2001-07-30,5.0600
2001-07-31,5.0400
2001-08-01,5.0600
2001-08-02,5.1400
2001-08-03,5.1600
2001-08-06,5.1500
2001-08-07,5.1600
2001-08-08,5.0400
2001-08-09,5.0300
2001-08-10,4.9800
2001-08-13,4.9600
2001-08-14,4.9700
2001-08-15,5.0000
2001-08-16,4.9400
2001-08-17,4.8400
2001-08-20,4.9000
2001-08-21,4.8600
2001-08-22,4.9000
2001-08-23,4.8800
2001-08-24,4.9200
2001-08-27,4.9200
2001-08-28,4.8300
2001-08-29,4.7600
2001-08-30,4.8100
2001-08-31,4.8300
2001-09-04,4.9500
2001-09-05,4.9600
2001-09-06,4.8600
2001-09-07,4.7800
2001-09-10,4.8300
2001-09-11,4.7600
2001-09-13,4.6300
2001-09-14,4.5600
2001-09-17,4.6100
2001-09-18,4.7200
2001-09-19,4.6900
2001-09-20,4.7400
2001-09-21,4.6900
2001-09-24,4.7100
2001-09-25,4.7000
2001-09-26,4.6300
2001-09-27,4.5500
2001-09-28,4.5800
2001-10-01,4.5400
2001-10-02,4.5000
2001-10-03,4.4600
2001-10-04,4.5000
2001-10-05,4.5000
2001-10-08,4.5000
2001-10-09,4.5900
2001-10-10,4.6000
2001-10-11,4.6600
2001-10-12,4.6700
2001-10-15,4.6000
2001-10-16,4.5600
2001-10-17,4.5600
2001-10-18,4.5700
2001-10-19,4.6100
2001-10-22,4.6400
2001-10-23,4.6400
2001-10-24,4.5900
2001-10-25,4.5400
2001-10-26,4.5200
2001-10-29,4.4800
2001-10-30,4.4100
2001-10-31,4.2400
2001-11-01,4.2300
2001-11-02,4.3500
2001-11-05,4.2900
2001-11-06,4.2500
2001-11-07,4.1800
2001-11-08,4.2800
2001-11-09,4.3100
2001-11-13,4.3700
2001-11-14,4.5200
2001-11-15,4.7800
2001-11-16,4.8400
2001-11-19,4.8000
2001-11-20,4.8600
2001-11-21,4.9500
2001-11-23,5.0000
2001-11-26,5.0100
2001-11-27,4.9200
2001-11-28,4.9200
2001-11-29,4.7600
2001-11-30,4.7400
2001-12-03,4.6900
2001-12-04,4.6600
2001-12-05,4.9000
2001-12-06,5.0000
2001-12-07,5.1600
2001-12-10,5.1000
2001-12-11,5.0500
2001-12-12,5.0000
2001-12-13,5.0700
2001-12-14,5.1800
2001-12-17,5.1800
2001-12-18,5.1200
2001-12-19,5.0400
2001-12-20,5.0300
2001-12-21,5.0800
2001-12-24,5.1400
2001-12-26,5.1900
2001-12-27,5.0600
2001-12-28,5.1100
2001-12-31,5.0200
2002-01-02,5.1500
2002-01-03,5.1000
2002-01-04,5.1200
2002-01-07,5.0400
2002-01-08,5.0800
2002-01-09,5.0400
2002-01-10,4.9700
2002-01-11,4.8600
2002-01-14,4.8800
2002-01-15,4.8300
2002-01-16,4.8200
2002-01-17,4.9200
2002-01-18,4.8900
2002-01-22,4.9000
2002-01-23,5.0200
2002-01-24,5.0000
2002-01-25,5.0600
2002-01-28,5.0700
2002-01-29,4.9400
2002-01-30,5.0100
2002-01-31,5.0300
2002-02-01,4.9700
2002-02-04,4.9000
2002-02-05,4.8900
2002-02-06,4.9200
2002-02-07,4.9200
2002-02-08,4.8800
2002-02-11,4.9000
2002-02-12,4.9700
2002-02-13,4.9800
2002-02-14,4.9400
2002-02-15,4.8500
2002-02-19,4.8700
2002-02-20,4.8800
2002-02-21,4.8500
2002-02-22,4.8300
2002-02-25,4.8500
2002-02-26,4.9200
2002-02-27,4.8300
2002-02-28,4.8700
2002-03-01,4.9700
2002-03-04,4.9900
2002-03-05,5.0000
2002-03-06,5.0500
2002-03-07,5.2200
2002-03-08,5.3200
2002-03-11,5.3000
2002-03-12,5.3000
2002-03-13,5.2600
2002-03-14,5.4000
2002-03-15,5.3300
2002-03-18,5.3000
2002-03-19,5.2800
2002-03-20,5.3900
2002-03-21,5.3600
2002-03-22,5.3900
2002-03-25,5.4000
2002-03-26,5.3400
2002-03-27,5.3400
2002-03-28,5.4000
2002-04-01,5.4200
2002-04-02,5.3400
2002-04-03,5.2700
2002-04-04,5.2500
2002-04-05,5.2000
2002-04-08,5.2500
2002-04-09,5.2000
2002-04-10,5.2300
2002-04-11,5.2000
2002-04-12,5.1500
2002-04-15,5.1300
2002-04-16,5.1800
2002-04-17,5.2200
2002-04-18,5.1900
2002-04-19,5.1900
2002-04-22,5.1700
2002-04-23,5.1600
2002-04-24,5.1100
2002-04-25,5.0800
2002-04-26,5.0500
2002-04-29,5.1000
2002-04-30,5.0800
2002-05-01,5.0500
2002-05-02,5.0900
2002-05-03,5.0500
2002-05-06,5.0600
2002-05-07,5.0500
2002-05-08,5.2100
2002-05-09,5.1600
2002-05-10,5.1100
2002-05-13,5.2200
2002-05-14,5.2700
2002-05-15,5.2400
2002-05-16,5.1700
2002-05-17,5.2500
2002-05-20,5.1900
2002-05-21,5.1500
2002-05-22,5.1100
2002-05-23,5.1400
2002-05-24,5.1400
2002-05-28,5.1200
2002-05-29,5.0600
2002-05-30,5.0200
2002-05-31,5.0400
2002-06-03,4.9900
2002-06-04,5.0100
2002-06-05,5.0300
2002-06-06,4.9800
2002-06-07,5.0600
2002-06-10,5.0300
2002-06-11,4.9700
2002-06-12,4.9500
2002-06-13,4.8900
2002-06-14,4.8000
2002-06-17,4.8400
2002-06-18,4.8300
2002-06-19,4.7200
2002-06-20,4.7800
2002-06-21,4.7500
2002-06-24,4.8300
2002-06-25,4.8100
2002-06-26,4.7000
2002-06-27,4.8100
2002-06-28,4.8000
2002-07-01,4.7800
2002-07-02,4.7200
2002-07-03,4.7400
2002-07-05,4.8500
2002-07-08,4.7900
2002-07-09,4.7200
2002-07-10,4.6100
2002-07-11,4.6100
2002-07-12,4.5700
2002-07-15,4.6100
2002-07-16,4.6800
2002-07-17,4.6600
2002-07-18,4.6000
2002-07-19,4.5100
2002-07-22,4.4400
2002-07-23,4.4000
2002-07-24,4.4000
2002-07-25,4.3700
2002-07-26,4.3600
2002-07-29,4.5300
2002-07-30,4.5800
2002-07-31,4.4500
2002-08-01,4.3900
2002-08-02,4.2700
2002-08-05,4.2000
2002-08-06,4.3300
2002-08-07,4.2900
2002-08-08,4.3900
2002-08-09,4.2500
2002-08-12,4.2100
2002-08-13,4.0800
2002-08-14,4.1100
2002-08-15,4.1800
2002-08-16,4.3100
2002-08-19,4.2800
2002-08-20,4.1400
2002-08-21,4.1900
2002-08-22,4.3100
2002-08-23,4.2300
2002-08-26,4.2100
2002-08-27,4.2700
2002-08-28,4.2100
2002-08-29,4.1400
2002-08-30,4.1200
2002-09-03,3.9600
2002-09-04,3.9500
2002-09-05,3.9300
2002-09-06,4.0100
2002-09-09,4.0600
2002-09-10,3.9900
2002-09-11,4.0500
2002-09-12,3.9600
2002-09-13,3.9000
2002-09-16,3.9100
2002-09-17,3.8200
2002-09-18,3.8400
2002-09-19,3.7700
2002-09-20,3.7700
2002-09-23,3.6800
2002-09-24,3.6400
2002-09-25,3.7500
2002-09-26,3.7700
2002-09-27,3.6600
2002-09-30,3.5900
2002-10-01,3.7100
2002-10-02,3.6700
2002-10-03,3.6800
2002-10-04,3.6600
2002-10-07,3.6100
2002-10-08,3.6200
2002-10-09,3.5600
2002-10-10,3.6500
2002-10-11,3.7900
2002-10-14,3.7900
2002-10-15,3.9900
2002-10-16,4.0300
2002-10-17,4.2000
2002-10-18,4.1000
2002-10-21,4.2500
2002-10-22,4.2500
2002-10-23,4.2200
2002-10-24,4.1100
2002-10-25,4.0900
2002-10-28,4.0800
2002-10-29,3.9300
2002-10-30,3.9600
2002-10-31,3.8900
2002-11-01,4.0000
2002-11-04,4.0400
2002-11-05,4.0700
2002-11-06,4.0300
2002-11-07,3.8700
2002-11-08,3.8300
2002-11-11,3.8300
2002-11-12,3.8400
2002-11-13,3.8400
2002-11-14,4.0600
2002-11-15,4.0200
2002-11-18,3.9800
2002-11-19,3.9700
2002-11-20,4.0500
2002-11-21,4.1400
2002-11-22,4.1700
2002-11-25,4.1700
2002-11-26,4.0600
2002-11-27,4.2500
2002-11-29,4.2100
2002-12-02,4.2100
2002-12-03,4.2000
2002-12-04,4.1500
2002-12-05,4.1300
2002-12-06,4.0800
2002-12-09,4.0300
2002-12-10,4.0400
2002-12-11,4.0200
2002-12-12,4.0200
2002-12-13,4.0600
2002-12-16,4.1500
2002-12-17,4.1100
2002-12-18,4.0300
2002-12-19,3.9400
2002-12-20,3.9500
2002-12-23,3.9600
2002-12-24,3.9200
2002-12-26,3.9000
2002-12-27,3.8100
2002-12-30,3.7800
2002-12-31,3.8100
2003-01-02,4.0200
2003-01-03,4.0100
2003-01-06,4.0500
2003-01-07,4.0000
2003-01-08,4.0200
2003-01-09,4.1600
2003-01-10,4.1300
2003-01-13,4.1200
2003-01-14,4.0800
2003-01-15,4.0600
2003-01-16,4.0700
2003-01-17,4.0100
2003-01-21,3.9700
2003-01-22,3.9000
2003-01-23,3.9300
2003-01-24,3.9200
2003-01-27,3.9500
2003-01-28,3.9700
2003-01-29,4.0200
2003-01-30,3.9600
2003-01-31,3.9600
2003-02-03,3.9900
2003-02-04,3.9200
2003-02-05,3.9900
2003-02-06,3.9400
2003-02-07,3.9300
2003-02-10,3.9700
2003-02-11,3.9500
2003-02-12,3.9100
2003-02-13,3.8700
2003-02-14,3.9500
2003-02-18,3.9400
2003-02-19,3.8800
2003-02-20,3.8600
2003-02-21,3.8900
2003-02-24,3.8400
2003-02-25,3.8100
2003-02-26,3.7600
2003-02-27,3.7300
2003-02-28,3.6900
2003-03-03,3.6700
2003-03-04,3.6400
2003-03-05,3.6200
2003-03-06,3.6500
2003-03-07,3.6200
2003-03-10,3.5600
2003-03-11,3.5800
2003-03-12,3.5800
2003-03-13,3.7500
2003-03-14,3.7000
2003-03-17,3.8300
2003-03-18,3.9000
2003-03-19,3.9800
2003-03-20,3.9500
2003-03-21,4.0900
2003-03-24,3.9600
2003-03-25,3.9400
2003-03-26,3.9300
2003-03-27,3.9200
2003-03-28,3.8900
2003-03-31,3.8000
2003-04-01,3.8000
2003-04-02,3.9200
2003-04-03,3.9100
2003-04-04,3.9400
2003-04-07,3.9700
2003-04-08,3.9300
2003-04-09,3.8900
2003-04-10,3.9300
2003-04-11,3.9700
2003-04-14,4.0100
2003-04-15,3.9800
2003-04-16,3.9400
2003-04-17,3.9500
2003-04-21,3.9700
2003-04-22,3.9600
2003-04-23,3.9700
2003-04-24,3.9200
2003-04-25,3.8800
2003-04-28,3.8900
2003-04-29,3.9300
2003-04-30,3.8300
2003-05-01,3.8300
2003-05-02,3.9200
2003-05-05,3.8800
2003-05-06,3.7800
2003-05-07,3.6700
2003-05-08,3.6800
2003-05-09,3.6700
2003-05-12,3.6300
2003-05-13,3.6000
2003-05-14,3.5200
2003-05-15,3.5200
2003-05-16,3.4100
2003-05-19,3.4800
2003-05-20,3.3500
2003-05-21,3.3900
2003-05-22,3.3100
2003-05-23,3.3300
2003-05-27,3.4100
2003-05-28,3.4200
2003-05-29,3.3300
2003-05-30,3.3600
2003-06-02,3.4100
2003-06-03,3.3200
2003-06-04,3.2900
2003-06-05,3.3400
2003-06-06,3.3500
2003-06-09,3.2700
2003-06-10,3.1900
2003-06-11,3.2000
2003-06-12,3.1600
2003-06-13,3.1100
2003-06-16,3.1700
2003-06-17,3.2600
2003-06-18,3.3500
2003-06-19,3.3400
2003-06-20,3.3600
2003-06-23,3.3100
2003-06-24,3.2500
2003-06-25,3.4000
2003-06-26,3.5400
2003-06-27,3.5400
2003-07-01,3.5500
2003-07-02,3.5300
2003-07-03,3.6500
2003-07-04,3.6500
2003-07-07,3.7300
2003-07-08,3.7100
2003-07-09,3.6800
2003-07-10,3.6500
2003-07-11,3.6200
2003-07-14,3.7200
2003-07-15,3.9800
2003-07-16,3.9200
2003-07-17,3.9200
2003-07-18,4.0000
2003-07-21,4.2100
2003-07-22,4.1200
2003-07-23,4.1200
2003-07-24,4.1600
2003-07-25,4.1700
2003-07-28,4.2800
2003-07-29,4.4400
2003-07-30,4.4400
2003-07-31,4.4000
2003-08-01,4.3800
2003-08-04,4.2800
2003-08-05,4.3900
2003-08-06,4.2600
2003-08-07,4.2100
2003-08-08,4.2700
2003-08-11,4.3500
2003-08-12,4.4200
2003-08-13,4.5600
2003-08-14,4.5600
2003-08-15,4.5300
2003-08-18,4.4600
2003-08-19,4.3600
2003-08-20,4.4300
2003-08-21,4.4700
2003-08-22,4.4700
2003-08-25,4.5200
2003-08-26,4.4700
2003-08-27,4.5300
2003-08-28,4.4100
2003-08-29,4.4600
2003-09-01,4.4600
2003-09-02,4.6000
2003-09-03,4.5900
2003-09-08,4.4200
2003-09-09,4.3600
2003-09-10,4.2700
2003-09-11,4.3100
2003-09-12,4.2500
2003-09-15,4.2700
2003-09-16,4.2800
2003-09-17,4.2800
2003-09-18,4.1600
2003-09-19,4.1600
2003-09-22,4.2200
2003-09-23,4.2000
2003-09-25,4.0800
2003-09-26,4.0000
2003-09-29,4.0700
2003-09-30,3.9400
2003-10-01,3.9300
2003-10-02,3.9900
2003-10-03,4.2000
2003-10-06,4.1700
2003-10-07,4.2600
2003-10-08,4.2300
2003-10-09,4.2900
2003-10-10,4.2500
2003-10-13,4.2500
2003-10-14,4.3400
2003-10-15,4.4000
2003-10-16,4.4600
2003-10-17,4.3900
2003-10-20,4.3800
2003-10-21,4.3400
2003-10-22,4.2500
2003-10-23,4.3100
2003-10-24,4.2500
2003-10-27,4.2600
2003-10-28,4.1700
2003-10-29,4.3000
2003-10-30,4.3400
2003-10-31,4.2900
2003-11-03,4.3400
2003-11-04,4.2900
2003-11-05,4.3500
2003-11-06,4.4100
2003-11-07,4.4400
2003-11-10,4.4400
2003-11-11,4.4400
2003-11-12,4.4000
2003-11-13,4.2700
2003-11-14,4.2200
2003-11-17,4.1900
2003-11-18,4.1400
2003-11-19,4.2300
2003-11-20,4.1500
2003-11-21,4.1600
2003-11-24,4.2300
2003-11-25,4.1800
2003-11-26,4.2400
2003-11-27,4.2400
2003-11-28,4.3300
2003-12-01,4.3800
2003-12-02,4.3800
2003-12-03,4.4000
2003-12-05,4.2300
2003-12-08,4.2700
2003-12-09,4.3500
2003-12-10,4.3100
2003-12-11,4.2300
2003-12-12,4.2400
2003-12-15,4.2500
2003-12-16,4.2100
2003-12-17,4.1800
2003-12-18,4.1200
2003-12-19,4.1300
2003-12-22,4.1700
2003-12-23,4.2600
2003-12-24,4.1800
2003-12-26,4.1500
2003-12-29,4.2400
2003-12-30,4.2600
2003-12-31,4.2500
2004-01-02,4.3700
2004-01-05,4.3800
2004-01-06,4.2700
2004-01-07,4.2400
2004-01-08,4.2600
2004-01-09,4.0800
2004-01-12,4.0900
2004-01-13,4.0100
2004-01-14,3.9900
2004-01-15,3.9700
2004-01-19,4.0200
2004-01-20,4.0600
2004-01-21,4.0200
2004-01-22,3.9500
2004-01-23,4.0700
2004-01-26,4.1300
2004-01-27,4.0800
2004-01-28,4.1900
2004-01-29,4.1700
2004-01-30,4.1300
2004-02-02,4.1400
2004-02-03,4.0900
2004-02-04,4.1200
2004-02-05,4.1700
2004-02-06,4.0800
2004-02-09,4.0800
2004-02-10,4.1100
2004-02-11,4.0300
2004-02-12,4.0400
2004-02-13,4.0400
2004-02-16,4.0400
2004-02-17,4.0300
2004-02-18,4.0500
2004-02-19,4.0500
2004-02-20,4.0900
2004-02-23,4.0300
2004-02-24,4.0200
2004-02-25,4.0100
2004-02-26,4.0100
2004-02-27,3.9700
2004-03-01,3.9700
2004-03-02,4.0500
2004-03-03,4.0500
2004-03-04,4.0200
2004-03-05,3.8500
2004-03-08,3.7700
2004-03-09,3.7200
2004-03-10,3.7300
2004-03-11,3.6900
2004-03-15,3.7600
2004-03-16,3.6800
2004-03-17,3.7100
2004-03-18,3.7500
2004-03-19,3.7700
2004-03-22,3.7200
2004-03-23,3.6900
2004-03-24,3.7100
2004-03-25,3.7400
2004-03-26,3.8300
2004-03-29,3.8300
2004-03-30,3.8900
2004-03-31,3.8300
2004-04-01,3.8900
2004-04-02,4.1400
2004-04-05,4.2100
2004-04-06,4.1500
2004-04-07,4.1500
2004-04-08,4.1900
2004-04-09,4.1900
2004-04-12,4.2300
2004-04-13,4.3500
2004-04-14,4.3600
2004-04-15,4.4000
2004-04-19,4.3900
2004-04-20,4.4600
2004-04-21,4.4300
2004-04-22,4.3900
2004-04-23,4.4700
2004-04-26,4.4400
2004-04-27,4.3800
2004-04-28,4.5000
2004-04-29,4.5400
2004-04-30,4.5100
2004-05-03,4.5000
2004-05-04,4.5600
2004-05-05,4.5800
2004-05-06,4.6000
2004-05-07,4.7700
2004-05-10,4.8000
2004-05-11,4.7600
2004-05-12,4.8100
2004-05-13,4.8600
2004-05-14,4.7700
2004-05-17,4.6900
2004-05-18,4.7300
2004-05-19,4.7700
2004-05-20,4.7100
2004-05-21,4.7600
2004-05-24,4.7300
2004-05-25,4.7200
2004-05-26,4.6600
2004-05-28,4.6500
2004-05-31,4.6500
2004-06-01,4.7000
2004-06-02,4.7500
2004-06-03,4.7200
2004-06-04,4.7700
2004-06-07,4.7600
2004-06-08,4.7600
2004-06-09,4.8100
2004-06-10,4.8000
2004-06-11,4.8000
2004-06-14,4.8700
2004-06-15,4.6800
2004-06-16,4.7200
2004-06-17,4.6800
2004-06-18,4.7100
2004-06-21,4.6800
2004-06-22,4.7200
2004-06-23,4.7000
2004-06-24,4.6500
2004-06-25,4.6500
2004-06-28,4.7300
2004-06-30,4.5800
2004-07-01,4.5600
2004-07-02,5.2100
2004-07-06,4.4700
2004-07-07,4.4700
2004-07-08,4.4700
2004-07-09,4.4600
2004-07-12,4.4700
2004-07-13,4.4700
2004-07-14,5.2200
2004-07-15,4.4800
2004-07-16,4.3500
2004-07-19,4.3500
2004-07-20,4.4400
2004-07-21,4.4700
2004-07-22,4.4500
2004-07-23,4.4300
2004-07-26,4.4900
2004-07-27,4.6100
2004-07-28,4.5800
2004-07-29,4.5700
2004-07-30,4.4700
2004-08-02,4.4500
2004-08-03,4.4200
2004-08-04,4.4200
2004-08-05,4.4000
2004-08-06,4.2200
2004-08-09,4.2600
2004-08-10,4.2900
2004-08-11,4.2700
2004-08-12,4.2500
2004-08-13,4.2300
2004-08-16,4.2600
2004-08-17,4.1900
2004-08-18,4.2400
2004-08-19,4.2400
2004-08-20,4.2300
2004-08-23,4.2800
2004-08-24,4.2700
2004-08-25,4.2600
2004-08-26,4.2100
2004-08-27,4.2300
2004-08-30,4.1800
2004-08-31,4.1200
2004-09-01,4.1100
2004-09-02,4.2100
2004-09-03,4.2800
2004-09-06,4.2800
2004-09-07,4.2400
2004-09-08,4.1600
2004-09-09,4.2000
2004-09-10,4.1800
2004-09-13,4.1400
2004-09-14,4.1200
2004-09-15,4.1600
2004-09-16,4.0700
2004-09-17,4.1100
2004-09-20,4.0600
2004-09-21,4.0400
2004-09-22,3.9800
2004-09-23,4.0200
2004-09-24,4.0300
2004-09-27,3.9900
2004-09-28,4.0000
2004-09-29,4.0900
2004-09-30,4.1200
2004-10-01,4.1800
2004-10-04,4.1600
2004-10-05,4.1700
2004-10-06,4.2200
2004-10-07,4.2400
2004-10-08,4.1300
2004-10-11,4.1300
2004-10-12,4.1000
2004-10-13,4.0500
2004-10-15,4.0600
2004-10-18,4.0400
2004-10-19,4.0300
2004-10-20,3.9800
2004-10-21,4.0000
2004-10-22,3.9700
2004-10-25,3.9700
2004-10-26,4.0000
2004-10-27,4.0800
2004-10-28,4.0500
2004-11-01,4.0200
2004-11-02,4.0500
2004-11-03,4.0800
2004-11-05,4.1700
2004-11-08,4.2200
2004-11-09,4.2200
2004-11-10,4.2300
2004-11-11,4.2400
2004-11-12,4.1800
2004-11-15,4.1800
2004-11-16,4.1900
2004-11-17,4.2000
2004-11-18,4.1300
2004-11-19,4.1100
2004-11-22,4.2000
2004-11-23,4.1800
2004-11-24,4.2000
2004-11-25,4.2000
2004-11-26,4.2300
2004-11-29,4.2300
2004-11-30,4.3500
2004-12-01,4.3600
2004-12-02,4.3600
2004-12-03,4.2500
2004-12-06,4.2500
2004-12-07,4.2200
2004-12-08,4.1200
2004-12-09,4.1700
2004-12-10,4.1500
2004-12-13,4.1500
2004-12-14,4.1300
2004-12-15,4.0800
2004-12-16,4.1900
2004-12-17,4.2000
2004-12-20,4.1800
2004-12-21,4.1600
2004-12-22,4.1900
2004-12-23,4.2200
2004-12-24,4.2200
2004-12-27,4.3000
2004-12-28,4.2900
2004-12-29,4.3200
2004-12-30,4.2500
2004-12-31,4.2200
2005-01-03,4.2200
2005-01-04,4.2900
2005-01-05,4.2800
2005-01-06,4.2600
2005-01-07,4.2700
2005-01-10,4.2700
2005-01-11,4.2400
2005-01-12,4.2400
2005-01-13,4.1600
2005-01-14,4.2200
2005-01-17,4.2200
2005-01-18,4.1900
2005-01-19,4.1700
2005-01-20,4.1600
2005-01-21,4.1500
2005-01-24,4.1200
2005-01-26,4.2000
2005-01-27,4.2000
2005-01-28,4.1400
2005-01-31,4.1300
2005-02-01,4.1300
2005-02-02,4.1400
2005-02-03,4.1400
2005-02-04,4.0800
2005-02-07,4.0500
2005-02-08,4.0200
2005-02-09,3.9800
2005-02-10,4.0900
2005-02-11,4.0900
2005-02-14,4.0700
2005-02-15,4.1000
2005-02-16,4.1500
2005-02-17,4.1500
2005-02-18,4.2600
2005-02-21,4.2600
2005-02-22,4.2900
2005-02-23,4.2600
2005-02-24,4.2900
2005-02-25,4.2700
2005-02-28,4.2700
2005-03-01,4.3700
2005-03-02,4.3800
2005-03-03,4.3800
2005-03-04,4.3100
2005-03-07,4.3100
2005-03-08,4.3900
2005-03-09,4.3900
2005-03-10,4.4600
2005-03-11,4.4600
2005-03-14,4.5100
2005-03-15,4.5100
2005-03-16,4.5000
2005-03-17,4.4700
2005-03-18,4.5100
2005-03-21,4.5200
2005-03-22,4.6300
2005-03-23,4.5900
2005-03-24,4.5900
2005-03-25,4.5900
2005-03-28,4.5900
2005-03-29,4.5800
2005-03-30,4.5500
2005-03-31,4.4800
2005-04-01,4.4500
2005-04-04,4.4600
2005-04-05,4.4700
2005-04-06,4.4300
2005-04-07,4.4800
2005-04-08,4.4700
2005-04-11,4.4300
2005-04-12,4.3500
2005-04-13,4.3600
2005-04-14,4.3100
2005-04-15,4.2400
2005-04-18,4.2800
2005-04-19,4.2100
2005-04-20,4.1900
2005-04-21,4.3000
2005-04-22,4.2500
2005-04-25,4.2500
2005-04-27,4.2200
2005-04-28,4.1500
2005-04-29,4.2000
2005-05-02,4.1900
2005-05-03,4.1700
2005-05-04,4.1900
2005-05-05,4.1600
2005-05-06,4.2600
2005-05-09,4.2800
2005-05-10,4.2100
2005-05-11,4.2000
2005-05-12,4.1700
2005-05-13,4.1200
2005-05-16,4.1300
2005-05-17,4.1100
2005-05-18,4.0800
2005-05-19,4.1100
2005-05-20,4.1200
2005-05-24,4.0300
2005-05-25,4.0800
2005-05-26,4.0800
2005-05-27,4.0700
2005-05-30,4.0700
2005-05-31,3.9800
2005-06-01,3.8900
2005-06-02,3.9000
2005-06-03,3.9700
2005-06-06,3.9500
2005-06-07,3.9100
2005-06-08,3.9300
2005-06-09,3.9500
2005-06-10,4.0500
2005-06-13,4.0900
2005-06-14,4.1100
2005-06-15,4.1000
2005-06-16,4.0700
2005-06-17,4.0700
2005-06-20,4.1100
2005-06-21,4.0400
2005-06-22,3.9400
2005-06-23,3.9500
2005-06-24,3.9200
2005-06-26,3.9200
2005-06-27,3.9000
2005-06-28,3.9700
2005-06-29,3.9800
2005-06-30,3.9100
2005-07-01,4.0500
2005-07-04,4.0500
2005-07-05,4.1100
2005-07-06,4.0700
2005-07-07,4.0600
2005-07-08,4.0900
2005-07-11,4.0900
2005-07-12,4.1400
2005-07-13,4.1600
2005-07-14,4.1700
2005-07-15,4.1600
2005-07-18,4.2200
2005-07-19,4.1800
2005-07-20,4.3600
2005-07-21,4.2700
2005-07-22,4.2200
2005-07-25,4.2500
2005-07-26,4.2300
2005-07-27,4.2600
2005-07-28,4.1900
2005-07-29,4.2800
2005-08-01,4.3100
2005-08-02,4.3400
2005-08-03,4.2900
2005-08-04,4.3100
2005-08-05,4.3900
2005-08-08,4.4300
2005-08-09,4.3900
2005-08-10,4.3900
2005-08-11,4.3200
2005-08-12,4.2400
2005-08-15,4.2900
2005-08-16,4.2100
2005-08-17,4.2700
2005-08-18,4.2000
2005-08-19,4.2100
2005-08-22,4.2100
2005-08-23,4.1800
2005-08-24,4.1600
2005-08-25,4.1600
2005-08-26,4.1800
2005-08-29,4.1700
2005-08-30,4.0900
2005-08-31,4.0100
2005-09-01,4.0300
2005-09-02,4.0400
2005-09-05,4.0400
2005-09-06,4.0900
2005-09-07,4.1400
2005-09-08,4.1500
2005-09-09,4.1200
2005-09-12,4.1700
2005-09-13,4.1300
2005-09-14,4.1700
2005-09-15,4.1700
2005-09-19,4.2500
2005-09-20,4.2400
2005-09-21,4.1700
2005-09-22,4.1800
2005-09-23,4.2500
2005-09-26,4.2500
2005-09-27,4.2800
2005-09-28,4.2500
2005-09-29,4.3000
2005-09-30,4.3300
2005-10-03,4.3800
2005-10-04,4.3700
2005-10-05,4.3400
2005-10-06,4.3900
2005-10-07,4.3600
2005-10-10,4.3600
2005-10-11,4.3900
2005-10-12,4.4400
2005-10-13,4.4600
2005-10-14,4.4800
2005-10-17,4.4900
2005-10-18,4.4700
2005-10-19,4.4600
2005-10-20,4.4300
2005-10-21,4.3800
2005-10-24,4.4400
2005-10-25,4.5400
2005-10-26,4.5900
2005-10-27,4.5500
2005-10-28,4.5700
2005-10-31,4.5500
2005-11-01,4.5600
2005-11-02,4.6100
2005-11-03,4.6500
2005-11-04,4.6600
2005-11-07,4.6600
2005-11-08,4.5600
2005-11-09,4.6400
2005-11-10,4.5600
2005-11-11,4.5600
2005-11-14,4.6000
2005-11-15,4.5600
2005-11-17,4.4600
2005-11-18,4.4900
2005-11-21,4.4900
2005-11-22,4.4300
2005-11-23,4.4700
2005-11-24,4.4700
2005-11-25,4.4300
2005-11-28,4.4000
2005-11-29,4.4800
2005-11-30,4.4900
2005-12-01,4.5100
2005-12-02,4.5100
2005-12-05,4.5600
2005-12-06,4.4800
2005-12-07,4.5100
2005-12-08,4.4600
2005-12-09,4.5200
2005-12-12,4.5500
2005-12-13,4.5200
2005-12-14,4.4600
2005-12-15,4.4600
2005-12-16,4.4400
2005-12-19,4.4400
2005-12-20,4.4600
2005-12-21,4.4900
2005-12-22,4.4300
2005-12-23,4.3800
2005-12-27,4.3400
2005-12-28,4.3700
2005-12-29,4.3600
2005-12-30,4.4000
2006-01-03,4.3700
2006-01-04,4.3700
2006-01-05,4.3600
2006-01-06,4.3700
2006-01-09,4.3700
2006-01-10,4.4300
2006-01-11,4.4600
2006-01-12,4.4000
2006-01-13,4.3500
2006-01-17,4.3300
2006-01-18,4.3300
2006-01-19,4.3300
2006-01-20,4.3500
2006-01-23,4.3500
2006-01-24,4.3600
2006-01-25,4.3900
2006-01-26,4.4800
2006-01-27,4.5100
2006-01-30,4.5100
2006-01-31,4.5300
2006-02-01,4.5200
2006-02-02,4.5600
2006-02-03,4.5300
2006-02-06,4.5300
2006-02-07,4.5400
2006-02-08,4.5700
2006-02-09,4.5900
2006-02-10,4.5900
2006-02-13,4.5800
2006-02-14,4.5800
2006-02-15,4.6100
2006-02-16,4.5800
2006-02-17,4.5300
2006-02-21,4.5300
2006-02-22,4.5700
2006-02-23,4.5200
2006-02-24,4.5700
2006-02-27,4.5700
2006-02-28,4.5400
2006-03-01,4.5400
2006-03-02,4.5800
2006-03-03,4.6800
2006-03-06,4.6800
2006-03-07,4.7500
2006-03-08,4.7200
2006-03-09,4.7300
2006-03-10,4.7600
2006-03-13,4.7600
2006-03-14,4.7700
2006-03-15,4.6900
2006-03-16,4.7300
2006-03-17,4.6700
2006-03-20,4.6700
2006-03-21,4.6600
2006-03-22,4.7200
2006-03-23,4.7000
2006-03-24,4.6700
2006-03-27,4.7000
2006-03-28,4.7900
2006-03-29,4.7900
2006-03-30,4.8600
2006-03-31,4.8500
2006-04-03,4.8600
2006-04-04,4.8600
2006-04-05,4.8400
2006-04-06,4.9000
2006-04-07,4.9800
2006-04-10,4.9500
2006-04-11,4.9200
2006-04-12,4.9800
2006-04-13,5.0500
2006-04-17,5.0000
2006-04-18,4.9800
2006-04-19,5.0200
2006-04-20,5.0400
2006-04-21,5.0100
2006-04-24,4.9800
2006-04-25,5.0700
2006-04-26,5.1000
2006-04-27,5.0700
2006-04-28,5.0500
2006-05-01,5.1400
2006-05-02,5.1100
2006-05-03,5.1400
2006-05-04,5.1600
2006-05-05,5.1000
2006-05-08,5.1100
2006-05-09,5.1300
2006-05-10,5.1300
2006-05-11,5.1600
2006-05-12,5.2000
2006-05-15,5.1600
2006-05-16,5.1000
2006-05-17,5.1400
2006-05-18,5.0600
2006-05-19,5.0600
2006-05-22,5.0400
2006-05-23,5.0400
2006-05-24,5.0400
2006-05-25,5.0700
2006-05-26,5.0400
2006-05-29,5.0500
2006-05-30,5.0800
2006-05-31,5.1200
2006-06-01,5.1000
2006-06-02,4.9900
2006-06-05,5.0200
2006-06-06,5.0000
2006-06-07,5.0200
2006-06-08,4.9900
2006-06-09,4.9700
2006-06-12,4.9800
2006-06-13,4.9600
2006-06-14,5.0700
2006-06-15,5.1000
2006-06-16,5.1300
2006-06-19,5.1300
2006-06-20,5.1500
2006-06-21,5.1500
2006-06-22,5.2100
2006-06-23,5.2200
2006-06-27,5.2000
2006-06-28,5.2400
2006-06-29,5.1900
2006-07-03,5.1500
2006-07-05,5.2200
2006-07-07,5.1300
2006-07-10,5.1200
2006-07-11,5.1000
2006-07-12,5.1000
2006-07-13,5.0600
2006-07-14,5.0600
2006-07-18,5.1300
2006-07-19,5.0500
2006-07-20,5.0300
2006-07-21,5.0400
2006-07-24,5.0400
2006-07-25,5.0600
2006-07-27,5.0300
2006-07-28,4.9900
2006-07-31,4.9800
2006-08-01,4.9700
2006-08-03,4.9600
2006-08-04,4.8900
2006-08-07,4.9100
2006-08-10,4.9300
2006-08-11,4.9700
2006-08-14,5.0000
2006-08-16,4.8600
2006-08-17,4.8700
2006-08-18,4.8400
2006-08-21,4.8100
2006-08-23,4.8100
2006-08-24,4.8000
2006-08-25,4.7800
2006-08-28,4.7900
2006-08-29,4.7800
2006-08-30,4.7500
2006-08-31,4.7300
2006-09-01,4.7200
2006-09-05,4.7800
2006-09-06,4.7900
2006-09-07,4.7800
2006-09-08,4.7700
2006-09-12,4.7700
2006-09-14,4.7900
2006-09-15,4.7900
2006-09-18,4.8100
2006-09-19,4.7300
2006-09-20,4.7300
2006-09-21,4.6300
2006-09-22,4.5900
2006-09-27,4.6000
2006-09-28,4.6100
2006-09-29,4.6300
2006-10-02,4.6000
2006-10-03,4.6100
2006-10-04,4.5600
2006-10-05,4.6100
2006-10-11,4.7800
2006-10-12,4.7700
2006-10-13,4.8000
2006-10-16,4.7700
2006-10-17,4.7700
2006-10-18,4.7600
2006-10-19,4.7800
2006-10-20,4.7900
2006-10-23,4.8300
2006-10-24,4.8200
2006-10-27,4.6700
2006-10-30,4.6700
2006-10-31,4.6000
2006-11-01,4.5600
2006-11-02,4.5900
2006-11-03,4.7100
2006-11-06,4.7000
2006-11-07,4.6600
2006-11-08,4.6300
2006-11-09,4.6300
2006-11-10,4.5900
2006-11-13,4.6100
2006-11-14,4.5700
2006-11-15,4.6200
2006-11-16,4.6600
2006-11-17,4.6000
2006-11-20,4.6000
2006-11-21,4.5700
2006-11-22,4.5600
2006-11-24,4.5500
2006-11-27,4.5300
2006-11-28,4.5000
2006-11-29,4.5200
2006-11-30,4.4600
2006-12-01,4.4300
2006-12-04,4.4200
2006-12-05,4.4400
2006-12-06,4.4800
2006-12-07,4.4800
2006-12-08,4.5400
2006-12-11,4.5200
2006-12-12,4.4900
2006-12-13,4.5800
2006-12-14,4.5900
2006-12-15,4.5900
2006-12-18,4.5800
2006-12-19,4.5900
2006-12-20,4.5900
2006-12-21,4.5500
2006-12-22,4.6100
2006-12-26,4.6000
2006-12-27,4.6500
2006-12-28,4.6800
2006-12-29,4.7000
2007-01-02,4.6800
2007-01-03,4.6600
2007-01-04,4.6000
2007-01-05,4.6400
2007-01-08,4.6500
2007-01-09,4.6600
2007-01-10,4.6800
2007-01-11,4.7300
2007-01-12,4.7700
2007-01-16,4.7500
2007-01-17,4.7800
2007-01-18,4.7400
2007-01-19,4.7700
2007-01-22,4.7600
2007-01-23,4.8100
2007-01-24,4.8100
2007-01-25,4.8700
2007-01-26,4.8700
2007-01-29,4.8900
2007-01-30,4.8700
2007-01-31,4.8100
2007-02-01,4.8400
2007-02-02,4.8200
2007-02-05,4.8100
2007-02-06,4.7600
2007-02-07,4.7400
2007-02-08,4.7300
2007-02-12,4.8000
2007-02-13,4.8100
2007-02-14,4.7300
2007-02-15,4.7100
2007-02-16,4.6900
2007-02-20,4.6700
2007-02-21,4.6900
2007-02-22,4.7200
2007-02-23,4.6700
2007-02-26,4.6300
2007-02-27,4.5100
2007-02-28,4.5700
2007-03-01,4.5500
2007-03-02,4.4900
2007-03-05,4.4900
2007-03-06,4.5300
2007-03-07,4.4900
2007-03-08,4.5100
2007-03-09,4.5800
2007-03-12,4.5500
2007-03-13,4.4800
2007-03-14,4.5300
2007-03-15,4.5300
2007-03-16,4.5400
2007-03-19,4.5600
2007-03-20,4.5500
2007-03-21,4.5300
2007-03-22,4.5800
2007-03-23,4.6100
2007-03-26,4.6000
2007-03-27,4.6000
2007-03-28,4.6200
2007-03-29,4.6400
2007-03-30,4.6400
2007-04-02,4.6400
2007-04-03,4.6600
2007-04-04,4.6500
2007-04-05,4.6800
2007-04-06,4.7500
2007-04-09,4.7400
2007-04-10,4.7200
2007-04-11,4.7300
2007-04-12,4.7300
2007-04-13,4.7600
2007-04-16,4.7300
2007-04-17,4.6800
2007-04-18,4.6500
2007-04-19,4.6600
2007-04-23,4.6400
2007-04-24,4.6200
2007-04-25,4.6500
2007-04-26,4.6900
2007-04-27,4.6900
2007-04-30,4.6200
2007-05-01,4.6400
2007-05-02,4.6400
2007-05-03,4.6700
2007-05-04,4.6400
2007-05-07,4.6300
2007-05-08,4.6300
2007-05-09,4.6600
2007-05-10,4.6400
2007-05-11,4.6700
2007-05-14,4.6900
2007-05-15,4.7000
2007-05-16,4.7100
2007-05-17,4.7500
2007-05-18,4.8000
2007-05-21,4.7800
2007-05-22,4.8200
2007-05-23,4.8400
2007-05-24,4.8400
2007-05-25,4.8500
2007-05-29,4.8800
2007-05-30,4.8700
2007-05-31,4.8900
2007-06-01,4.9500
2007-06-04,4.9200
2007-06-05,4.9900
2007-06-06,4.9600
2007-06-07,5.1300
2007-06-08,5.1000
2007-06-11,5.1500
2007-06-12,5.2900
2007-06-13,5.2000
2007-06-14,5.2200
2007-06-15,5.1600
2007-06-18,5.1300
2007-06-19,5.0800
2007-06-20,5.1300
2007-06-21,5.1800
2007-06-22,5.1300
2007-06-25,5.0800
2007-06-26,5.0800
2007-06-27,5.0800
2007-06-28,5.1000
2007-06-29,5.0200
2007-07-02,4.9900
2007-07-03,5.0400
2007-07-04,5.0400
2007-07-05,5.1400
2007-07-06,5.1800
2007-07-09,5.1400
2007-07-10,5.0200
2007-07-11,5.0800
2007-07-12,5.1200
2007-07-13,5.0900
2007-07-16,5.0400
2007-07-17,5.0500
2007-07-18,5.0300
2007-07-19,5.0200
2007-07-20,4.9500
2007-07-23,4.9500
2007-07-24,4.9100
2007-07-25,4.9000
2007-07-26,4.7800
2007-07-27,4.7600
2007-07-30,4.8000
2007-07-31,4.7400
2007-08-01,4.7900
2007-08-02,4.7600
2007-08-03,4.6800
2007-08-06,4.7400
2007-08-07,4.7600
2007-08-08,4.8700
2007-08-09,4.7700
2007-08-10,4.8000
2007-08-13,4.7600
2007-08-14,4.7200
2007-08-15,4.7200
2007-08-16,4.6500
2007-08-17,4.6800
2007-08-20,4.6200
2007-08-21,4.5900
2007-08-22,4.6500
2007-08-23,4.6400
2007-08-24,4.6100
2007-08-27,4.5700
2007-08-28,4.5100
2007-08-29,4.5600
2007-08-30,4.5000
2007-08-31,4.5300
2007-09-03,4.5500
2007-09-04,4.5500
2007-09-05,4.4600
2007-09-06,4.5000
2007-09-07,4.3800
2007-09-10,4.3200
2007-09-11,4.3700
2007-09-12,4.4100
2007-09-13,4.4700
2007-09-14,4.4600
2007-09-17,4.4600
2007-09-18,4.4700
2007-09-19,4.5400
2007-09-20,4.6900
2007-09-21,4.6200
2007-09-24,4.6300
2007-09-25,4.6300
2007-09-26,4.6200
2007-09-27,4.5600
2007-09-28,4.5800
2007-10-01,4.5400
2007-10-02,4.5200
2007-10-03,4.5600
2007-10-04,4.5100
2007-10-05,4.6300
2007-10-09,4.6400
2007-10-10,4.6500
2007-10-11,4.6300
2007-10-12,4.6800
2007-10-15,4.6700
2007-10-16,4.6400
2007-10-17,4.5500
2007-10-18,4.4900
2007-10-19,4.3900
2007-10-22,4.4100
2007-10-23,4.4000
2007-10-24,4.3400
2007-10-25,4.3800
2007-10-26,4.4000
2007-10-29,4.3800
2007-10-30,4.3800
2007-10-31,4.4700
2007-11-01,4.3400
2007-11-02,4.3200
2007-11-05,4.3300
2007-11-06,4.3700
2007-11-07,4.3100
2007-11-08,4.2800
2007-11-09,4.2200
2007-11-13,4.2600
2007-11-14,4.2500
2007-11-15,4.1400
2007-11-16,4.1600
2007-11-19,4.0700
2007-11-20,4.1000
2007-11-21,4.0000
2007-11-23,4.0000
2007-11-26,3.8300
2007-11-27,3.9400
2007-11-28,4.0400
2007-11-29,3.9400
2007-11-30,3.9300
2007-12-03,3.8500
2007-12-04,3.8900
2007-12-05,3.9500
2007-12-06,4.0000
2007-12-07,4.1000
2007-12-10,4.1600
2007-12-11,3.9700
2007-12-12,4.0900
2007-12-13,4.2000
2007-12-14,4.2300
2007-12-17,4.1400
2007-12-18,4.1200
2007-12-19,4.0300
2007-12-20,4.0500
2007-12-21,4.1700
2007-12-24,4.2100
2007-12-25,4.2100
2007-12-26,4.2700
2007-12-27,4.1900
2007-12-28,4.0700
2007-12-31,4.0200
2008-01-02,3.9000
2008-01-03,3.8900
2008-01-04,3.8700
2008-01-07,3.8300
2008-01-08,3.7800
2008-01-09,3.8200
2008-01-10,3.8900
2008-01-11,3.7900
2008-01-14,3.7700
2008-01-15,3.6600
2008-01-16,3.7300
2008-01-17,3.6200
2008-01-18,3.6300
2008-01-22,3.4300
2008-01-23,3.6100
2008-01-24,3.7000
2008-01-25,3.5600
2008-01-28,3.5800
2008-01-29,3.6700
2008-01-30,3.6700
2008-01-31,3.5900
2008-02-01,3.5800
2008-02-04,3.6400
2008-02-05,3.5700
2008-02-06,3.5900
2008-02-07,3.7600
2008-02-08,3.6400
2008-02-11,3.6100
2008-02-12,3.6600
2008-02-13,3.7300
2008-02-14,3.8200
2008-02-15,3.7700
2008-02-19,3.8900
2008-02-20,3.8900
2008-02-21,3.7700
2008-02-22,3.8000
2008-02-25,3.8900
2008-02-26,3.8600
2008-02-27,3.8500
2008-02-28,3.6600
2008-02-29,3.5100
2008-03-03,3.5500
2008-03-04,3.6200
2008-03-05,3.6900
2008-03-06,3.5800
2008-03-07,3.5300
2008-03-10,3.4500
2008-03-11,3.5900
2008-03-12,3.4700
2008-03-13,3.5300
2008-03-14,3.4500
2008-03-17,3.3000
2008-03-18,3.4800
2008-03-19,3.3300
2008-03-20,3.3300
2008-03-24,3.5600
2008-03-25,3.5000
2008-03-26,3.4600
2008-03-27,3.5300
2008-03-28,3.4400
2008-03-31,3.4100
2008-04-01,3.5500
2008-04-02,3.6000
2008-04-03,3.5700
2008-04-04,3.4700
2008-04-07,3.5400
2008-04-08,3.5600
2008-04-09,3.4800
2008-04-10,3.5400
2008-04-11,3.4700
2008-04-14,3.5100
2008-04-15,3.5900
2008-04-16,3.6800
2008-04-17,3.7300
2008-04-18,3.7100
2008-04-21,3.7200
2008-04-22,3.6900
2008-04-23,3.7300
2008-04-24,3.8200
2008-04-25,3.8700
2008-04-28,3.8300
2008-04-29,3.8200
2008-04-30,3.7300
2008-05-01,3.7600
2008-05-02,3.8500
2008-05-05,3.8700
2008-05-06,3.9200
2008-05-07,3.8400
2008-05-08,3.7800
2008-05-09,3.7700
2008-05-12,3.7900
2008-05-13,3.9100
2008-05-14,3.9100
2008-05-15,3.8100
2008-05-16,3.8400
2008-05-19,3.8300
2008-05-20,3.7700
2008-05-21,3.8100
2008-05-22,3.9100
2008-05-23,3.8400
2008-05-26,3.8400
2008-05-27,3.9200
2008-05-28,4.0000
2008-05-29,4.0800
2008-05-30,4.0600
2008-06-02,3.9600
2008-06-03,3.8900
2008-06-04,3.9700
2008-06-05,4.0300
2008-06-06,3.9100
2008-06-09,4.0000
2008-06-10,4.1000
2008-06-11,4.0700
2008-06-12,4.2100
2008-06-13,4.2500
2008-06-16,4.2700
2008-06-17,4.2000
2008-06-18,4.1300
2008-06-19,4.2100
2008-06-20,4.1700
2008-06-23,4.1600
2008-06-24,4.0800
2008-06-25,4.1000
2008-06-26,4.0300
2008-06-27,3.9600
2008-06-30,3.9700
2008-07-01,4.0000
2008-07-02,3.9600
2008-07-03,3.9700
2008-07-07,3.9000
2008-07-08,3.8800
2008-07-09,3.8100
2008-07-10,3.7900
2008-07-11,3.9600
2008-07-14,3.8500
2008-07-15,3.8200
2008-07-16,3.9300
2008-07-17,3.9900
2008-07-18,4.0800
2008-07-21,4.0400
2008-07-22,4.1000
2008-07-23,4.1100
2008-07-24,3.9900
2008-07-25,4.0900
2008-07-28,4.0000
2008-07-29,4.0400
2008-07-30,4.0400
2008-07-31,3.9500
2008-08-01,3.9300
2008-08-04,3.9600
2008-08-05,4.0200
2008-08-06,4.0500
2008-08-07,3.9300
2008-08-08,3.9300
2008-08-11,3.9900
2008-08-12,3.9000
2008-08-13,3.9300
2008-08-14,3.8900
2008-08-15,3.8400
2008-08-18,3.8100
2008-08-19,3.8300
2008-08-20,3.8000
2008-08-21,3.8300
2008-08-22,3.8700
2008-08-25,3.7800
2008-08-26,3.7700
2008-08-27,3.7600
2008-08-28,3.7800
2008-08-29,3.8200
2008-09-01,3.8200
2008-09-02,3.7300
2008-09-03,3.7000
2008-09-04,3.6200
2008-09-05,3.7000
2008-09-08,3.6700
2008-09-09,3.5600
2008-09-10,3.6300
2008-09-11,3.6400
2008-09-12,3.7100
2008-09-15,3.3800
2008-09-16,3.4400
2008-09-17,3.4100
2008-09-18,3.5500
2008-09-19,3.8100
2008-09-22,3.8400
2008-09-23,3.8000
2008-09-24,3.8000
2008-09-25,3.8600
2008-09-29,3.5700
2008-09-30,3.8200
2008-10-01,3.7400
2008-10-02,3.6300
2008-10-03,3.6100
2008-10-06,3.4600
2008-10-07,3.5000
2008-10-08,3.6400
2008-10-09,3.7900
2008-10-10,3.8800
2008-10-14,4.0700
2008-10-15,3.9500
2008-10-16,3.9600
2008-10-17,3.9300
2008-10-20,3.8400
2008-10-21,3.7300
2008-10-22,3.5900
2008-10-23,3.6900
2008-10-24,3.6800
2008-10-27,3.6900
2008-10-28,3.8300
2008-10-29,3.8500
2008-10-30,3.9700
2008-10-31,3.9500
2008-11-03,3.9100
2008-11-04,3.7200
2008-11-05,3.7000
2008-11-06,3.6900
2008-11-07,3.8000
2008-11-10,3.7700
2008-11-11,3.7200
2008-11-12,3.6400
2008-11-13,3.8600
2008-11-14,3.7300
2008-11-17,3.6500
2008-11-18,3.5300
2008-11-19,3.3200
2008-11-20,3.0000
2008-11-21,3.2000
2008-11-24,3.3200
2008-11-25,3.1000
2008-11-26,2.9700
2008-11-27,2.9700
2008-11-28,2.9200
2008-12-01,2.7300
2008-12-02,2.6700
2008-12-03,2.6500
2008-12-04,2.5500
2008-12-05,2.7000
2008-12-08,2.7400
2008-12-09,2.6400
2008-12-10,2.6800
2008-12-11,2.6000
2008-12-12,2.5700
2008-12-15,2.5100
2008-12-16,2.2600
2008-12-17,2.1800
2008-12-18,2.0800
2008-12-19,2.1200
2008-12-22,2.1700
2008-12-23,2.1800
2008-12-24,2.1700
2008-12-26,2.1400
2008-12-29,2.1000
2008-12-30,2.0500
2008-12-31,2.2300
2009-01-02,2.4000
2009-01-05,2.4800
2009-01-06,2.4400
2009-01-07,2.5000
2009-01-08,2.4400
2009-01-09,2.3900
2009-01-12,2.3000
2009-01-13,2.2900
2009-01-14,2.2000
2009-01-15,2.2000
2009-01-16,2.3200
2009-01-20,2.3800
2009-01-21,2.5300
2009-01-22,2.5900
2009-01-23,2.6100
2009-01-26,2.6400
2009-01-27,2.5300
2009-01-28,2.6700
2009-01-29,2.8500
2009-01-30,2.8400
2009-02-02,2.7100
2009-02-03,2.8800
2009-02-04,2.9300
2009-02-05,2.9100
2009-02-06,2.9800
2009-02-09,2.9800
2009-02-10,2.8200
2009-02-11,2.7500
2009-02-12,2.7900
2009-02-13,2.8900
2009-02-16,2.8100
2009-02-17,2.6400
2009-02-18,2.7500
2009-02-19,2.8500
2009-02-20,2.7800
2009-02-23,2.7500
2009-02-24,2.7900
2009-02-25,2.9200
2009-02-26,2.9900
2009-02-27,3.0100
2009-03-03,2.8800
2009-03-04,2.9800
2009-03-05,2.8100
2009-03-06,2.8700
2009-03-09,2.8500
2009-03-10,3.0000
2009-03-11,2.9100
2009-03-12,2.8500
2009-03-13,2.8900
2009-03-16,2.9500
2009-03-17,3.0000
2009-03-18,2.5400
2009-03-19,2.6000
2009-03-20,2.6300
2009-03-23,2.6600
2009-03-24,2.7000
2009-03-25,2.7800
2009-03-26,2.7300
2009-03-27,2.7600
2009-03-30,2.7100
2009-03-31,2.6700
2009-04-01,2.6500
2009-04-02,2.7600
2009-04-03,2.8900
2009-04-06,2.9200
2009-04-07,2.9000
2009-04-08,2.8500
2009-04-09,2.9200
2009-04-13,2.8600
2009-04-14,2.7900
2009-04-15,2.7600
2009-04-16,2.8300
2009-04-17,2.9400
2009-04-20,2.8300
2009-04-21,2.9000
2009-04-22,2.9400
2009-04-23,2.9100
2009-04-24,2.9900
2009-04-27,2.9100
2009-04-28,3.0100
2009-04-29,3.1100
2009-04-30,3.1200
2009-05-01,3.1500
2009-05-04,3.1500
2009-05-05,3.1600
2009-05-06,3.1600
2009-05-07,3.3400
2009-05-08,3.2800
2009-05-11,3.1700
2009-05-12,3.1700
2009-05-13,3.1200
2009-05-14,3.0800
2009-05-18,3.2300
2009-05-19,3.2400
2009-05-20,3.1900
2009-05-21,3.3600
2009-05-22,3.4400
2009-05-26,3.5400
2009-05-27,3.7200
2009-05-28,3.6100
2009-05-29,3.4500
2009-06-01,3.6700
2009-06-02,3.6100
2009-06-03,3.5400
2009-06-04,3.7100
2009-06-05,3.8300
2009-06-08,3.8700
2009-06-09,3.8500
2009-06-10,3.9400
2009-06-11,3.8500
2009-06-12,3.8000
2009-06-15,3.7100
2009-06-16,3.6500
2009-06-17,3.6900
2009-06-18,3.8200
2009-06-19,3.7700
2009-06-22,3.6800
2009-06-23,3.6200
2009-06-24,3.6800
2009-06-25,3.5300
2009-06-26,3.5300
2009-06-29,3.4700
2009-06-30,3.5300
2009-07-01,3.5300
2009-07-02,3.5000
2009-07-03,3.5000
2009-07-06,3.5000
2009-07-07,3.4500
2009-07-08,3.3000
2009-07-09,3.4000
2009-07-10,3.2900
2009-07-13,3.3500
2009-07-14,3.4700
2009-07-15,3.6000
2009-07-16,3.5700
2009-07-17,3.6400
2009-07-20,3.6000
2009-07-21,3.4800
2009-07-22,3.5400
2009-07-23,3.6500
2009-07-24,3.6500
2009-07-27,3.7200
2009-07-28,3.6800
2009-07-29,3.6600
2009-07-30,3.6100
2009-07-31,3.4800
2009-08-03,3.6300
2009-08-04,3.6800
2009-08-05,3.7400
2009-08-06,3.7400
2009-08-07,3.8500
2009-08-10,3.7700
2009-08-11,3.6600
2009-08-12,3.7100
2009-08-13,3.6000
2009-08-14,3.5700
2009-08-17,3.4700
2009-08-18,3.5100
2009-08-19,3.4500
2009-08-20,3.4300
2009-08-21,3.5600
2009-08-24,3.4700
2009-08-25,3.4300
2009-08-26,3.4300
2009-08-27,3.4500
2009-08-28,3.4400
2009-08-31,3.4000
2009-09-01,3.3600
2009-09-02,3.3000
2009-09-03,3.3400
2009-09-04,3.4400
2009-09-07,3.3500
2009-09-08,3.4800
2009-09-09,3.4700
2009-09-10,3.3500
2009-09-11,3.3500
2009-09-14,3.4100
2009-09-15,3.4500
2009-09-16,3.4600
2009-09-17,3.3800
2009-09-18,3.4700
2009-09-21,3.4800
2009-09-22,3.4400
2009-09-23,3.4100
2009-09-24,3.3800
2009-09-25,3.3200
2009-09-28,3.2700
2009-09-29,3.2900
2009-09-30,3.3000
2009-10-01,3.1800
2009-10-02,3.2200
2009-10-05,3.2200
2009-10-06,3.2500
2009-10-07,3.1800
2009-10-08,3.2400
2009-10-09,3.3800
2009-10-12,3.3800
2009-10-13,3.3500
2009-10-14,3.4100
2009-10-15,3.4600
2009-10-16,3.4100
2009-10-19,3.3800
2009-10-20,3.3400
2009-10-21,3.3800
2009-10-22,3.4200
2009-10-23,3.4800
2009-10-26,3.5500
2009-10-27,3.4500
2009-10-28,3.4100
2009-10-29,3.4900
2009-10-30,3.3700
2009-11-02,3.4100
2009-11-03,3.4600
2009-11-04,3.5200
2009-11-05,3.5300
2009-11-06,3.4900
2009-11-09,3.4800
2009-11-10,3.4700
2009-11-11,3.4700
2009-11-12,3.4400
2009-11-13,3.4200
2009-11-16,3.3300
2009-11-17,3.3200
2009-11-18,3.3600
2009-11-19,3.3300
2009-11-20,3.3700
2009-11-23,3.3500
2009-11-24,3.3000
2009-11-25,3.2700
2009-11-26,3.2100
2009-11-27,3.2000
2009-11-30,3.1900
2009-12-01,3.2800
2009-12-02,3.3100
2009-12-03,3.3700
2009-12-04,3.4700
2009-12-07,3.4300
2009-12-08,3.3800
2009-12-09,3.4400
2009-12-10,3.5000
2009-12-11,3.5500
2009-12-14,3.5500
2009-12-15,3.5800
2009-12-16,3.6000
2009-12-17,3.4800
2009-12-18,3.5400
2009-12-21,3.6800
2009-12-22,3.7500
2009-12-23,3.7500
2009-12-24,3.8000
2009-12-28,3.8400
2009-12-29,3.8000
2009-12-30,3.7900
2009-12-31,3.8300
2010-01-04,3.8200
2010-01-05,3.7600
2010-01-06,3.8200
2010-01-07,3.8200
2010-01-08,3.8300
2010-01-11,3.8200
2010-01-12,3.7100
2010-01-13,3.7900
2010-01-14,3.7400
2010-01-15,3.6700
2010-01-18,3.6700
2010-01-19,3.6900
2010-01-20,3.6500
2010-01-21,3.5900
2010-01-22,3.6100
2010-01-25,3.6300
2010-01-26,3.6200
2010-01-27,3.6500
2010-01-28,3.6300
2010-01-29,3.5800
2010-02-01,3.6500
2010-02-02,3.6400
2010-02-03,3.7000
2010-02-04,3.6000
2010-02-05,3.5600
2010-02-08,3.5600
2010-02-09,3.6400
2010-02-10,3.6900
2010-02-11,3.7200
2010-02-12,3.6900
2010-02-16,3.6600
2010-02-17,3.7300
2010-02-18,3.8000
2010-02-19,3.7700
2010-02-22,3.7900
2010-02-23,3.6800
2010-02-24,3.6900
2010-02-25,3.6300
2010-02-26,3.6100
2010-03-01,3.6100
2010-03-02,3.6000
2010-03-03,3.6100
2010-03-04,3.6000
2010-03-05,3.6800
2010-03-08,3.7200
2010-03-09,3.7000
2010-03-10,3.7200
2010-03-11,3.7200
2010-03-12,3.7000
2010-03-15,3.6900
2010-03-16,3.6500
2010-03-17,3.6300
2010-03-18,3.6700
2010-03-22,3.6600
2010-03-23,3.6800
2010-03-24,3.8500
2010-03-25,3.8800
2010-03-26,3.8400
2010-03-29,3.8600
2010-03-30,3.8500
2010-03-31,3.8300
2010-04-01,3.8600
2010-04-02,3.9300
2010-04-05,3.9900
2010-04-06,3.9500
2010-04-07,3.8500
2010-04-08,3.8800
2010-04-09,3.8800
2010-04-12,3.8400
2010-04-13,3.8200
2010-04-14,3.8600
2010-04-15,3.8300
2010-04-16,3.7600
2010-04-19,3.8000
2010-04-22,3.7700
2010-04-23,3.8100
2010-04-26,3.8000
2010-04-27,3.6900
2010-04-28,3.7600
2010-04-29,3.7200
2010-04-30,3.6500
2010-05-03,3.6900
2010-05-04,3.5900
2010-05-05,3.5400
2010-05-06,3.3900
2010-05-07,3.4200
2010-05-10,3.5400
2010-05-11,3.5200
2010-05-12,3.5700
2010-05-13,3.5300
2010-05-14,3.4500
2010-05-17,3.4900
2010-05-18,3.3500
2010-05-19,3.3700
2010-05-20,3.2100
2010-05-21,3.2300
2010-05-24,3.1900
2010-05-25,3.1500
2010-05-26,3.1900
2010-05-27,3.3500
2010-05-28,3.3000
2010-06-01,3.2600
2010-06-02,3.3400
2010-06-03,3.3600
2010-06-04,3.2000
2010-06-07,3.1400
2010-06-08,3.1800
2010-06-09,3.1700
2010-06-10,3.3200
2010-06-11,3.2300
2010-06-14,3.2600
2010-06-15,3.3000
2010-06-16,3.2600
2010-06-17,3.1900
2010-06-18,3.2200
2010-06-21,3.2400
2010-06-22,3.1700
2010-06-23,3.1200
2010-06-24,3.1400
2010-06-25,3.1100
2010-06-28,3.0100
2010-06-29,2.9500
2010-06-30,2.9300
2010-07-01,2.9500
2010-07-02,2.9700
2010-07-06,2.9300
2010-07-07,2.9800
2010-07-08,3.0300
2010-07-09,3.0500
2010-07-12,3.0600
2010-07-13,3.1200
2010-07-14,3.0500
2010-07-15,2.9900
2010-07-19,2.9500
2010-07-20,2.9500
2010-07-21,2.8700
2010-07-22,2.9400
2010-07-23,2.9900
2010-07-26,2.9900
2010-07-27,3.0500
2010-07-28,2.9800
2010-07-29,2.9900
2010-07-30,2.9000
2010-08-02,2.9600
2010-08-03,2.9100
2010-08-04,2.9500
2010-08-05,2.9000
2010-08-06,2.8200
2010-08-09,2.8200
2010-08-10,2.7600
2010-08-11,2.6800
2010-08-12,2.7400
2010-08-13,2.6700
2010-08-16,2.5700
2010-08-17,2.6300
2010-08-18,2.6300
2010-08-19,2.5700
2010-08-20,2.6100
2010-08-23,2.5900
2010-08-24,2.4800
2010-08-25,2.5300
2010-08-26,2.4700
2010-08-27,2.6400
2010-08-30,2.5300
2010-08-31,2.4600
2010-09-01,2.5700
2010-09-02,2.6200
2010-09-03,2.7000
2010-09-06,2.7000
2010-09-07,2.5900
2010-09-08,2.6500
2010-09-09,2.7600
2010-09-10,2.7900
2010-09-13,2.7400
2010-09-14,2.6800
2010-09-15,2.7200
2010-09-16,2.7600
2010-09-17,2.7300
2010-09-20,2.7000
2010-09-21,2.5700
2010-09-22,2.5600
2010-09-23,2.5500
2010-09-24,2.6000
2010-09-27,2.5300
2010-09-28,2.4600
2010-09-29,2.5000
2010-09-30,2.5100
2010-10-01,2.5100
2010-10-04,2.4800
2010-10-05,2.4700
2010-10-06,2.4000
2010-10-07,2.3800
2010-10-08,2.3900
2010-10-12,2.4300
2010-10-13,2.4100
2010-10-14,2.5000
2010-10-15,2.5600
2010-10-18,2.5100
2010-10-19,2.4700
2010-10-20,2.4800
2010-10-21,2.5400
2010-10-22,2.5500
2010-10-25,2.5600
2010-10-26,2.6400
2010-10-27,2.7200
2010-10-28,2.6600
2010-10-29,2.6000
2010-11-01,2.6200
2010-11-02,2.5800
2010-11-03,2.5700
2010-11-04,2.4900
2010-11-05,2.5300
2010-11-08,2.5500
2010-11-09,2.6600
2010-11-10,2.6400
2010-11-11,2.6400
2010-11-12,2.7900
2010-11-15,2.9600
2010-11-16,2.8400
2010-11-17,2.8800
2010-11-18,2.9000
2010-11-19,2.8800
2010-11-22,2.8000
2010-11-23,2.7700
2010-11-24,2.9100
2010-11-25,2.7800
2010-11-26,2.8700
2010-11-29,2.8200
2010-11-30,2.8000
2010-12-01,2.9600
2010-12-02,2.9900
2010-12-03,3.0100
2010-12-06,2.9300
2010-12-07,3.1400
2010-12-08,3.2700
2010-12-09,3.2100
2010-12-10,3.3200
2010-12-13,3.2700
2010-12-14,3.4700
2010-12-15,3.5400
2010-12-16,3.4200
2010-12-17,3.3300
2010-12-20,3.3400
2010-12-21,3.3000
2010-12-22,3.3500
2010-12-23,3.3900
2010-12-27,3.3500
2010-12-28,3.4800
2010-12-29,3.4700
2011-01-03,3.3300
2011-01-04,3.3300
2011-01-05,3.4700
2011-01-06,3.4400
2011-01-07,3.3300
2011-01-10,3.2900
2011-01-11,3.3400
2011-01-12,3.3700
2011-01-13,3.3000
2011-01-14,3.3200
2011-01-17,3.3200
2011-01-18,3.3700
2011-01-19,3.3400
2011-01-20,3.4500
2011-01-21,3.4100
2011-01-24,3.3900
2011-01-25,3.3300
2011-01-26,3.4100
2011-01-27,3.3900
2011-01-28,3.3200
2011-01-31,3.3700
2011-02-01,3.4400
2011-02-02,3.4500
2011-02-03,3.5500
2011-02-04,3.6400
2011-02-07,3.6400
2011-02-08,3.7300
2011-02-09,3.6500
2011-02-10,3.7000
2011-02-11,3.6300
2011-02-14,3.6200
2011-02-15,3.6100
2011-02-16,3.6200
2011-02-17,3.5700
2011-02-18,3.5800
2011-02-21,3.5900
2011-02-22,3.4600
2011-02-23,3.4900
2011-02-24,3.4500
2011-02-25,3.4100
2011-03-01,3.4000
2011-03-02,3.4700
2011-03-03,3.5600
2011-03-04,3.4900
2011-03-07,3.5100
2011-03-08,3.5500
2011-03-09,3.4700
2011-03-10,3.3600
2011-03-11,3.4000
2011-03-14,3.3600
2011-03-15,3.3100
2011-03-16,3.1900
2011-03-17,3.2600
2011-03-18,3.2700
2011-03-21,3.3300
2011-03-22,3.3300
2011-03-23,3.3500
2011-03-24,3.4100
2011-03-25,3.4400
2011-03-28,3.4500
2011-03-29,3.4900
2011-03-30,3.4400
2011-03-31,3.4700
2011-04-04,3.4200
2011-04-05,3.4800
2011-04-06,3.5500
2011-04-07,3.5500
2011-04-08,3.5800
2011-04-11,3.5900
2011-04-12,3.5000
2011-04-13,3.4600
2011-04-14,3.5000
2011-04-15,3.4100
2011-04-18,3.3800
2011-04-19,3.3600
2011-04-20,3.4100
2011-04-21,3.3800
2011-04-25,3.3600
2011-04-26,3.3100
2011-04-27,3.3600
2011-04-28,3.3200
2011-04-29,3.2900
2011-05-02,3.2800
2011-05-03,3.2500
2011-05-05,3.1579
2011-05-06,3.1548
2011-05-11,3.1618
2011-05-12,3.2303
2011-05-13,3.1787
2011-05-16,3.1529
2011-05-17,3.1227
2011-05-18,3.1842
2011-05-19,3.1787
2011-05-23,3.1327
2011-05-24,3.1171
2011-05-25,3.1364
2011-05-26,3.0622
2011-05-27,3.0795
2011-05-31,3.0648
2011-06-01,2.9485
2011-06-02,3.0319
2011-06-03,2.9918
2011-06-06,3.0000
2011-06-07,3.0008
2011-06-08,2.9491
2011-06-09,3.0017
2011-06-10,2.9725
2011-06-13,2.9870
2011-06-14,3.1013
2011-06-15,2.9760
2011-06-16,2.9333
2011-06-17,2.9477
2011-06-20,2.9649
2011-06-21,2.9839
2011-06-22,2.9894
2011-06-23,2.9166
2011-06-24,2.8695
2011-06-27,2.9346
2011-06-28,3.0367
2011-06-29,3.1159
2011-06-30,3.1669
2011-07-01,3.1893
2011-07-05,3.1270
2011-07-06,3.1075
2011-07-07,3.1437
2011-07-08,3.0328
2011-07-11,2.9239
2011-07-12,2.8802
2011-07-13,2.8892
2011-07-14,2.9556
2011-07-15,2.9126
2011-07-18,2.9299
2011-07-19,2.8825
2011-07-20,2.9335
2011-07-21,3.0214
2011-07-22,2.9662
2011-07-25,3.0048
2011-07-26,2.9588
2011-07-27,2.9854
2011-07-28,2.9514
2011-07-29,2.8020
2011-08-01,2.7478
2011-08-02,2.6172
2011-08-03,2.6233
2011-08-04,2.4103
2011-08-05,2.5652
2011-08-08,2.3236
2011-08-09,2.2510
2011-08-10,2.1092
2011-08-11,2.3495
2011-08-12,2.2608
2011-08-15,2.3104
2011-08-16,2.2247
2011-08-17,2.1729
2011-08-18,2.0658
2011-08-19,2.0683
2011-08-22,2.1109
2011-08-23,2.1581
2011-08-24,2.3028
2011-08-25,2.2346
2011-08-26,2.1959
2011-08-29,2.2595
2011-08-30,2.1775
2011-08-31,2.2277
2011-09-01,2.1310
2011-09-02,1.9926
2011-09-06,1.9874
2011-09-07,2.0489
2011-09-08,1.9830
2011-09-09,1.9182
2011-09-13,1.9967
2011-09-14,1.9906
2011-09-15,2.0898
2011-09-16,2.0504
2011-09-19,1.9558
2011-09-20,1.9436
2011-09-21,1.8636
2011-09-22,1.7198
2011-09-23,1.8436
2011-09-26,1.9019
2011-09-27,1.9753
2011-09-28,1.9840
2011-09-29,2.0031
2011-09-30,1.9171
2011-10-03,1.7619
2011-10-04,1.8241
2011-10-05,1.8919
2011-10-06,1.9941
2011-10-07,2.0789
2011-10-10,2.0789
2011-10-11,2.1602
2011-10-12,2.2126
2011-10-13,2.1877
2011-10-14,2.2530
2011-10-17,2.1593
2011-10-18,2.1824
2011-10-19,2.1656
2011-10-20,2.1976
2011-10-21,2.2236
2011-10-24,2.2380
2011-10-25,2.1150
2011-10-26,2.2102
2011-10-27,2.4008
2011-10-28,2.3220
2011-10-31,2.1141
2011-11-01,1.9889
2011-11-02,1.9915
2011-11-03,2.0795
2011-11-04,2.0406
2011-11-07,2.0379
2011-11-08,2.0830
2011-11-09,1.9667
2011-11-10,2.0655
2011-11-11,2.0655
2011-11-14,2.0620
2011-11-15,2.0481
2011-11-16,2.0038
2011-11-17,1.9683
2011-11-18,2.0194
2011-11-21,1.9605
2011-11-22,1.9268
2011-11-23,1.8932
2011-11-25,1.9760
2011-11-28,1.9864
2011-11-29,1.9977
2011-11-30,2.0762
2011-12-01,2.0946
2011-12-02,2.0404
2011-12-05,2.0500
2011-12-06,2.0947
2011-12-07,2.0334
2011-12-08,1.9785
2011-12-09,2.0676
2011-12-12,2.0186
2011-12-13,1.9706
2011-12-14,1.9099
2011-12-15,1.9125
2011-12-16,1.8554
2011-12-19,1.8176
2011-12-20,1.9323
2011-12-21,1.9714
2011-12-22,1.9540
2011-12-23,2.0300
2011-12-27,2.0090
2011-12-28,1.9269
2011-12-29,1.9052
2011-12-30,1.8825
2012-01-03,1.9547
2012-01-04,1.9862
2012-01-05,2.0028
2012-01-06,1.9660
2012-01-09,1.9590
2012-01-10,1.9756
2012-01-11,1.9136
2012-01-12,1.9293
2012-01-13,1.8778
2012-01-16,1.8778
2012-01-17,1.8630
2012-01-18,1.9047
2012-01-19,1.8922
2012-01-20,2.0311
2012-01-23,2.0567
2012-01-24,2.0629
2012-01-25,2.0001
2012-01-26,1.9386
2012-01-27,1.8982
2012-01-30,1.8521
2012-01-31,1.8034
2012-02-01,1.8346
2012-02-02,1.8276
2012-02-03,1.9253
2012-02-06,1.9104
2012-02-07,1.9719
2012-02-08,1.9820
2012-02-09,2.0437
2012-02-10,1.9899
2012-02-13,1.9784
2012-02-14,1.9399
2012-02-15,1.9330
2012-02-16,1.9925
2012-02-17,2.0038
2012-02-21,2.0629
2012-02-22,2.0064
2012-02-23,2.0003
2012-02-24,1.9794
2012-02-27,1.9293
2012-02-28,1.9457
2012-02-29,1.9734
2012-03-01,2.0334
2012-03-02,1.9794
2012-03-05,2.0159
2012-03-06,1.9482
2012-03-07,1.9794
2012-03-08,2.0185
2012-03-09,2.0308
2012-03-12,2.0378
2012-03-13,2.1301
2012-03-14,2.2708
2012-03-15,2.2825
2012-03-16,2.3016
2012-03-19,2.3802
2012-03-20,2.3640
2012-03-21,2.2982
2012-03-22,2.2812
2012-03-23,2.2374
2012-03-26,2.2536
2012-03-27,2.1875
2012-03-28,2.2071
2012-03-29,2.1617
2012-03-30,2.2136
2012-04-02,2.1824
2012-04-03,2.3018
2012-04-04,2.2290
2012-04-05,2.1825
2012-04-06,2.0503
2012-04-09,2.0486
2012-04-10,1.9897
2012-04-11,2.0345
2012-04-12,2.0557
2012-04-13,1.9905
2012-04-16,1.9879
2012-04-17,2.0002
2012-04-18,1.9756
2012-04-19,1.9721
2012-04-20,1.9633
2012-04-23,1.9404
2012-04-24,1.9755
2012-04-25,1.9878
2012-04-26,1.9474
2012-04-27,1.9404
2012-04-30,1.9149
2012-05-01,1.9473
2012-05-02,1.9263
2012-05-03,1.9341
2012-05-04,1.8815
2012-05-07,1.8771
2012-05-08,1.8413
2012-05-09,1.8265
2012-05-10,1.8635
2012-05-11,1.8505
2012-05-14,1.7689
2012-05-15,1.7775
2012-05-16,1.7638
2012-05-17,1.6997
2012-05-18,1.7244
2012-05-21,1.7449
2012-05-22,1.7741
2012-05-23,1.7389
2012-05-24,1.7784
2012-05-25,1.7483
2012-05-29,1.7492
2012-05-30,1.6238
2012-05-31,1.5630
2012-06-01,1.4572
2012-06-04,1.5283
2012-06-05,1.5788
2012-06-06,1.6644
2012-06-07,1.6414
2012-06-08,1.6388
2012-06-11,1.5895
2012-06-12,1.6634
2012-06-13,1.5979
2012-06-14,1.6429
2012-06-15,1.5825
2012-06-18,1.5765
2012-06-19,1.6215
2012-06-20,1.6556
2012-06-21,1.6171
2012-06-22,1.6769
2012-06-25,1.6059
2012-06-26,1.6306
2012-06-27,1.6221
2012-06-28,1.5811
2012-06-29,1.6490
2012-07-02,1.5900
2012-07-03,1.6309
2012-07-04,1.6206
2012-07-05,1.6001
2012-07-06,1.5557
2012-07-09,1.5166
2012-07-10,1.5072
2012-07-11,1.5215
2012-07-12,1.4795
2012-07-13,1.4912
2012-07-16,1.4763
2012-07-17,1.5088
2012-07-18,1.4969
2012-07-19,1.5121
2012-07-20,1.4627
2012-07-23,1.4314
2012-07-24,1.3960
2012-07-25,1.3875
2012-07-26,1.4438
2012-07-27,1.5498
2012-07-30,1.5041
2012-07-31,1.5168
2012-08-01,1.4765
2012-08-02,1.5600
2012-08-06,1.5683
2012-08-07,1.6319
2012-08-08,1.6501
2012-08-09,1.6983
2012-08-10,1.6522
2012-08-13,1.6607
2012-08-15,1.8407
2012-08-16,1.8218
2012-08-17,1.8340
2012-08-20,1.8045
2012-08-21,1.7751
2012-08-22,1.7036
2012-08-23,1.6745
2012-08-24,1.6874
2012-08-27,1.6420
2012-08-28,1.6429
2012-08-29,1.6492
2012-08-30,1.6292
2012-08-31,1.5535
2012-09-03,1.5722
2012-09-04,1.5713
2012-09-05,1.5943
2012-09-06,1.6781
2012-09-07,1.6704
2012-09-10,1.6575
2012-09-11,1.7083
2012-09-12,1.7517
2012-09-13,1.7440
2012-09-14,1.8684
2012-09-17,1.8233
2012-09-18,1.8128
2012-09-19,1.7589
2012-09-20,1.7860
2012-09-21,1.7572
2012-09-24,1.7243
2012-09-25,1.6793
2012-09-26,1.6276
2012-09-27,1.6500
2012-09-28,1.6379
2012-10-01,1.6207
2012-10-02,1.6023
2012-10-03,1.6350
2012-10-04,1.6687
2012-10-05,1.7504
2012-10-08,1.7077
2012-10-09,1.7164
2012-10-10,1.6848
2012-10-11,1.6844
2012-10-12,1.6627
2012-10-15,1.6683
2012-10-16,1.7301
2012-10-17,1.8125
2012-10-18,1.8197
2012-10-19,1.7705
2012-10-22,1.8048
2012-10-23,1.7776
2012-10-24,1.8015
2012-10-25,1.8042
2012-10-26,1.7435
2012-10-29,1.7191
2012-10-30,1.7348
2012-10-31,1.7147
2012-11-01,1.7297
2012-11-05,1.7174
2012-11-06,1.6956
2012-11-07,1.6476
2012-11-08,1.6276
2012-11-09,1.6140
2012-11-12,1.5877
2012-11-13,1.6046
2012-11-14,1.5953
2012-11-15,1.5834
2012-11-19,1.6182
2012-11-20,1.6710
2012-11-21,1.6882
2012-11-22,1.6882
2012-11-26,1.6668
2012-11-27,1.6386
2012-11-28,1.6318
2012-11-29,1.6250
2012-12-03,1.6258
2012-12-04,1.6096
2012-12-05,1.5909
2012-12-06,1.5866
2012-12-10,1.6207
2012-12-11,1.6592
2012-12-12,1.7040
2012-12-13,1.7422
2012-12-17,1.7770
2012-12-18,1.8233
2012-12-19,1.8032
2012-12-20,1.7537
2012-12-24,1.7773
2012-12-25,1.7765
2012-12-27,1.7352
2012-12-28,1.7048
2012-12-31,1.7613
2013-01-02,1.8402
2013-01-03,1.9243
2013-01-07,1.9022
2013-01-08,1.8731
2013-01-09,1.8626
2013-01-10,1.9015
2013-01-14,1.8511
2013-01-15,1.8397
2013-01-16,1.8248
2013-01-17,1.8831
2013-01-18,1.8480
2013-01-21,1.8665
2013-01-22,1.8471
2013-01-23,1.8286
2013-01-24,1.8552
2013-01-25,1.9229
2013-01-28,1.9624
2013-01-29,2.0019
2013-01-30,1.9924
2013-01-31,1.9898
2013-02-04,1.9588
2013-02-05,2.0029
2013-02-06,1.9643
2013-02-07,1.9572
2013-02-11,1.9675
2013-02-13,2.2303
2013-02-14,2.0009
2013-02-15,2.0182
2013-02-19,2.0312
2013-02-20,2.0130
2013-02-21,1.9809
2013-02-22,1.9662
2013-02-25,1.8671
2013-02-26,1.8868
2013-02-27,1.9014
2013-02-28,1.8850
2013-03-04,1.8806
2013-03-05,1.9012
2013-03-06,1.9409
2013-03-07,2.0026
2013-03-11,2.0638
2013-03-12,2.0183
2013-03-13,2.0471
2013-03-14,2.0342
2013-03-18,1.9591
2013-03-19,1.9079
2013-03-20,1.9608
2013-03-21,1.9156
2013-03-25,1.9242
2013-03-26,1.9146
2013-03-27,1.8515
2013-03-28,1.8547
2013-04-01,1.8339
2013-04-02,1.8598
2013-04-03,1.8149
2013-04-04,1.7660
2013-04-08,1.7469
2013-04-09,1.7573
2013-04-10,1.8070
2013-04-11,1.7924
2013-04-12,1.7279
2013-04-15,1.6877
2013-04-16,1.7269
2013-04-17,1.7020
2013-04-18,1.6883
2013-04-19,1.7102
2013-04-22,1.6965
2013-04-23,1.7126
2013-04-24,1.7100
2013-04-25,1.7099
2013-04-26,1.6678
2013-04-29,1.6745
2013-04-30,1.6745
2013-05-01,1.6343
2013-05-02,1.6291
2013-05-03,1.7427
2013-05-06,1.7668
2013-05-07,1.7840
2013-05-08,1.8159
2013-05-09,1.8125
2013-05-10,1.9033
2013-05-13,1.9242
2013-05-14,1.9775
2013-05-15,1.9400
2013-05-16,1.8844
2013-05-17,1.9541
2013-05-20,1.9682
2013-05-21,1.9324
2013-05-22,2.0439
2013-05-23,2.0193
2013-05-24,2.0133
2013-05-27,2.0054
2013-05-28,2.1688
2013-05-29,2.1207
2013-05-30,2.1172
2013-05-31,2.1326
2013-06-03,2.1292
2013-06-04,2.1543
2013-06-05,2.0937
2013-06-06,2.0813
2013-06-07,2.1790
2013-06-10,2.2160
2013-06-11,2.1891
2013-06-12,2.2316
2013-06-13,2.1518
2013-06-14,2.1368
2013-06-17,2.1845
2013-06-18,2.1891
2013-06-19,2.3574
2013-06-20,2.4211
2013-06-21,2.5396
2013-06-24,2.5426
2013-06-25,2.6113
2013-06-26,2.5401
2013-06-27,2.4760
2013-06-28,2.4579
2013-07-01,2.4804
2013-07-02,2.4695
2013-07-03,2.5062
2013-07-04,2.5062
2013-07-05,2.7431
2013-07-08,2.6415
2013-07-09,2.6408
2013-07-10,2.6296
2013-07-11,2.5771
2013-07-12,2.5881
2013-07-15,2.5562
2013-07-16,2.5348
2013-07-17,2.4966
2013-07-18,2.5277
2013-07-19,2.5001
2013-07-22,2.4853
2013-07-23,2.5155
2013-07-24,2.5911
2013-07-25,2.5734
2013-07-26,2.5674
2013-07-29,2.6064
2013-07-30,2.6161
2013-07-31,2.5822
2013-08-01,2.7091
2013-08-02,2.6010
2013-08-05,2.6412
2013-08-06,2.6462
2013-08-07,2.6017
2013-08-08,2.5917
2013-08-09,2.5819
2013-08-12,2.6205
2013-08-13,2.7253
2013-08-14,2.7181
2013-08-15,2.7727
2013-08-16,2.8306
2013-08-19,2.8592
2013-08-20,2.8262
2013-08-21,2.8492
2013-08-22,2.8890
2013-08-23,2.8137
2013-08-26,2.7926
2013-08-27,2.7625
2013-08-28,2.7671
2013-08-29,2.7882
2013-09-02,2.7903
2013-09-03,2.8641
2013-09-04,2.8688
2013-09-05,2.9787
2013-09-09,2.9194
2013-09-10,2.9624
2013-09-11,2.9551
2013-09-12,2.8819
2013-09-13,2.8979
2013-09-16,2.8017
2013-09-17,2.8665
2013-09-18,2.8908
2013-09-19,2.7338
2013-09-20,2.7606
2013-09-23,2.7102
2013-09-24,2.6792
2013-09-25,2.6464
2013-09-26,2.6437
2013-09-27,2.6193
2013-09-30,2.6384
2013-10-01,2.6402
2013-10-02,2.5994
2013-10-03,2.6030
2013-10-07,2.6131
2013-10-08,2.6414
2013-10-09,2.6496
2013-10-10,2.7165
2013-10-14,2.6921
2013-10-15,2.7133
2013-10-16,2.6702
2013-10-17,2.5935
2013-10-18,2.5826
2013-10-21,2.6091
2013-10-22,2.5291
2013-10-23,2.4902
2013-10-24,2.4974
2013-10-25,2.5047
2013-10-28,2.5047
2013-10-29,2.5137
2013-10-30,2.4983
2013-10-31,2.5655
2013-11-01,2.6057
2013-11-04,2.5975
2013-11-05,2.6525
2013-11-06,2.6498
2013-11-07,2.6351
2013-11-08,2.7350
2013-11-11,2.7471
2013-11-12,2.7611
2013-11-13,2.7398
2013-11-14,2.7284
2013-11-15,2.6979
2013-11-18,2.6934
2013-11-19,2.6907
2013-11-20,2.7104
2013-11-21,2.8386
2013-11-22,2.7734
2013-11-25,2.7391
2013-11-26,2.7166
2013-11-27,2.7409
2013-11-28,2.7391
2013-11-29,2.7662
2013-12-02,2.7770
2013-12-03,2.7797
2013-12-04,2.8434
2013-12-05,2.8543
2013-12-06,2.8617
2013-12-09,2.8425
2013-12-10,2.8043
2013-12-11,2.8316
2013-12-12,2.8691
2013-12-13,2.8811
2013-12-16,2.8475
2013-12-17,2.8723
2013-12-18,2.8778
2013-12-19,2.9322
2013-12-20,2.8890
2013-12-23,2.9332
2013-12-24,2.9824
2013-12-26,2.9955
2013-12-27,3.0050
2013-12-30,2.9734
2014-01-02,2.9940
2014-01-03,3.0016
2014-01-06,2.9616
2014-01-07,2.9431
2014-01-08,2.9943
2014-01-09,2.9674
2014-01-10,2.8609
2014-01-13,2.8287
2014-01-14,2.8751
2014-01-15,2.8955
2014-01-16,2.8465
2014-01-17,2.8226
2014-01-20,2.8245
2014-01-21,2.8098
2014-01-22,2.8697
2014-01-23,2.7813
2014-01-24,2.7200
2014-01-27,2.7547
2014-01-28,2.7547
2014-01-29,2.6817
2014-01-30,2.6990
2014-01-31,2.6507
2014-02-03,2.5801
2014-02-04,2.6343
2014-02-05,2.6734
2014-02-06,2.7025
2014-02-07,2.6842
2014-02-10,2.6696
2014-02-11,2.7253
2014-02-12,2.7620
2014-02-13,2.7339
2014-02-14,2.7500
2014-02-18,2.7105
2014-02-19,2.7419
2014-02-20,2.7518
2014-02-21,2.7338
2014-02-24,2.7410
2014-02-25,2.7050
2014-02-26,2.6647
2014-02-27,2.6414
2014-02-28,2.6494
2014-03-03,2.6030
2014-03-04,2.6986
2014-03-05,2.7094
2014-03-06,2.7310
2014-03-07,2.7889
2014-03-10,2.7807
2014-03-11,2.7716
2014-03-12,2.7336
2014-03-13,2.6464
2014-03-14,2.6546
2014-03-17,2.6941
2014-03-18,2.6743
2014-03-19,2.7710
2014-03-20,2.7737
2014-03-21,2.7465
2014-03-24,2.7338
2014-03-25,2.7483
2014-03-26,2.6931
2014-03-27,2.6831
2014-03-28,2.7219
2014-03-31,2.7192
2014-04-01,2.7555
2014-04-02,2.8048
2014-04-03,2.7993
2014-04-04,2.7228
2014-04-07,2.7046
2014-04-08,2.6829
2014-04-09,2.6928
2014-04-10,2.6485
2014-04-11,2.6270
2014-04-14,2.6486
2014-04-15,2.6305
2014-04-16,2.6323
2014-04-17,2.7229
2014-04-21,2.7174
2014-04-22,2.7137
2014-04-23,2.7055
2014-04-24,2.6828
2014-04-25,2.6663
2014-04-28,2.7027
2014-04-29,2.6936
2014-04-30,2.6472
2014-05-01,2.6155
2014-05-02,2.5847
2014-05-05,2.6099
2014-05-06,2.5936
2014-05-07,2.5918
2014-05-08,2.6177
2014-05-09,2.6250
2014-05-12,2.6628
2014-05-13,2.6107
2014-05-14,2.5445
2014-05-15,2.4911
2014-05-16,2.5249
2014-05-19,2.5445
2014-05-20,2.5124
2014-05-21,2.5356
2014-05-22,2.5517
2014-05-26,2.5320
2014-05-27,2.5142
2014-05-28,2.4431
2014-05-29,2.4644
2014-05-30,2.4759
2014-06-02,2.5267
2014-06-04,2.6021
2014-06-05,2.5824
2014-06-06,2.5869
2014-06-09,2.6032
2014-06-10,2.6439
2014-06-11,2.6394
2014-06-12,2.5951
2014-06-13,2.6033
2014-06-16,2.5970
2014-06-17,2.6523
2014-06-18,2.5844
2014-06-19,2.6206
2014-06-20,2.6052
2014-06-23,2.6261
2014-06-24,2.5781
2014-06-25,2.5592
2014-06-26,2.5286
2014-06-27,2.5340
2014-06-30,2.5304
2014-07-01,2.5647
2014-07-02,2.6264
2014-07-03,2.6383
2014-07-04,2.6383
2014-07-07,2.6110
2014-07-08,2.5557
2014-07-09,2.5503
2014-07-10,2.5359
2014-07-11,2.5160
2014-07-14,2.5468
2014-07-15,2.5468
2014-07-16,2.5260
2014-07-17,2.4458
2014-07-18,2.4809
2014-07-21,2.4674
2014-07-22,2.4601
2014-07-23,2.4655
2014-07-24,2.5025
2014-07-25,2.4655
2014-07-28,2.4853
2014-07-29,2.4601
2014-07-30,2.5569
2014-07-31,2.5578
2014-08-01,2.4925
2014-08-04,2.4817
2014-08-05,2.4844
2014-08-06,2.4708
2014-08-07,2.4114
2014-08-08,2.4203
2014-08-11,2.4275
2014-08-12,2.4491
2014-08-13,2.4166
2014-08-14,2.4015
2014-08-15,2.3397
2014-08-18,2.3927
2014-08-19,2.3997
2014-08-20,2.4264
2014-08-21,2.4068
2014-08-22,2.4024
2014-08-25,2.3820
2014-08-26,2.3962
2014-08-27,2.3573
2014-08-28,2.3361
2014-08-29,2.3431
2014-09-01,2.3431
2014-09-02,2.4211
2014-09-03,2.3962
2014-09-04,2.4497
2014-09-05,2.4587
2014-09-08,2.4712
2014-09-09,2.5036
2014-09-10,2.5414
2014-09-11,2.5496
2014-09-12,2.6105
2014-09-15,2.5887
2014-09-16,2.5924
2014-09-17,2.6198
2014-09-18,2.6144
2014-09-19,2.5745
2014-09-22,2.5636
2014-09-23,2.5275
2014-09-24,2.5637
2014-09-25,2.5022
2014-09-26,2.5276
2014-09-29,2.4771
2014-09-30,2.4888
2014-10-01,2.3856
2014-10-02,2.4250
2014-10-03,2.4340
2014-10-06,2.4196
2014-10-07,2.3391
2014-10-08,2.3213
2014-10-09,2.3133
2014-10-10,2.2804
2014-10-13,2.2804
2014-10-14,2.1973
2014-10-15,2.1358
2014-10-16,2.1559
2014-10-17,2.1936
2014-10-20,2.1909
2014-10-21,2.2217
2014-10-22,2.2164
2014-10-23,2.2712
2014-10-24,2.2685
2014-10-27,2.2605
2014-10-28,2.2960
2014-10-29,2.3174
2014-10-30,2.3058
2014-10-31,2.3353
2014-11-03,2.3425
2014-11-04,2.3335
2014-11-05,2.3424
2014-11-06,2.3856
2014-11-07,2.2976
2014-11-10,2.3604
2014-11-11,2.3604
2014-11-12,2.3712
2014-11-13,2.3399
2014-11-14,2.3204
2014-11-17,2.3399
2014-11-18,2.3151
2014-11-19,2.3594
2014-11-20,2.3373
2014-11-21,2.3099
2014-11-24,2.3064
2014-11-25,2.2570
2014-11-26,2.2447
2014-11-27,2.2447
2014-11-28,2.1640
2014-12-01,2.2350
2014-12-02,2.2923
2014-12-03,2.2799
2014-12-04,2.2341
2014-12-05,2.3065
2014-12-08,2.2570
2014-12-09,2.2129
2014-12-10,2.1638
2014-12-11,2.1620
2014-12-12,2.0817
2014-12-15,2.1182
2014-12-16,2.0591
2014-12-17,2.1356
2014-12-18,2.2075
2014-12-19,2.1618
2014-12-22,2.1583
2014-12-23,2.2614
2014-12-24,2.2632
2014-12-25,2.2632
2014-12-26,2.2499
2014-12-29,2.2021
2014-12-30,2.1871
2015-01-01,2.1712
2015-01-02,2.1105
2015-01-05,2.0320
2015-01-06,1.9402
2015-01-07,1.9677
2015-01-08,2.0179
2015-01-12,1.9070
2015-01-13,1.9000
2015-01-14,1.8553
2015-01-15,1.7149
2015-01-16,1.8368
2015-01-19,1.8368
2015-01-20,1.7880
2015-01-21,1.8717
2015-01-22,1.8631
2015-01-23,1.7968
2015-01-26,1.8241
2015-01-27,1.8231
2015-01-28,1.7207
2015-01-29,1.7512
2015-01-30,1.6407
2015-02-02,1.6642
2015-02-03,1.7915
2015-02-04,1.7513
2015-02-05,1.8204
2015-02-06,1.9567
2015-02-09,1.9775
2015-02-10,1.9967
2015-02-11,2.0176
2015-02-12,1.9844
2015-02-13,2.0504
2015-02-16,2.0504
2015-02-17,2.1379
2015-02-18,2.0800
2015-02-19,2.1142
2015-02-20,2.1117
2015-02-23,2.0574
2015-02-24,1.9800
2015-02-25,1.9688
2015-02-26,2.0295
2015-02-27,1.9930
2015-03-02,2.0820
2015-03-03,2.1189
2015-03-04,2.1172
2015-03-05,2.1154
2015-03-06,2.2414
2015-03-09,2.1907
2015-03-10,2.1297
2015-03-11,2.1086
2015-03-12,2.1156
2015-03-13,2.1140
2015-03-16,2.0717
2015-03-17,2.0507
2015-03-18,1.9199
2015-03-19,1.9685
2015-03-20,1.9303
2015-03-23,1.9120
2015-03-24,1.8731
2015-03-25,1.9250
2015-03-26,1.9894
2015-03-27,1.9615
2015-03-30,1.9475
2015-03-31,1.9231
2015-04-01,1.8573
2015-04-02,1.9117
2015-04-03,1.8389
2015-04-06,1.8952
2015-04-07,1.8848
2015-04-08,1.9047
2015-04-09,1.9596
2015-04-10,1.9473
2015-04-13,1.9272
2015-04-14,1.8985
2015-04-15,1.8880
2015-04-16,1.8897
2015-04-17,1.8653
2015-04-20,1.8896
2015-04-21,1.9087
2015-04-22,1.9788
2015-04-23,1.9577
2015-04-24,1.9086
2015-04-27,1.9208
2015-04-28,2.0034
2015-04-29,2.0388
2015-04-30,2.0317
2015-05-01,2.1135
2015-05-04,2.1440
2015-05-05,2.1853
2015-05-06,2.2431
2015-05-07,2.1800
2015-05-08,2.1478
2015-05-11,2.2797
2015-05-12,2.2489
2015-05-13,2.2926
2015-05-14,2.2301
2015-05-15,2.1424
2015-05-18,2.2337
2015-05-19,2.2886
2015-05-20,2.2479
2015-05-21,2.1898
2015-05-22,2.2092
2015-05-25,2.2092
2015-05-26,2.1390
2015-05-27,2.1285
2015-05-28,2.1355
2015-05-29,2.1214
2015-06-01,2.1794
2015-06-02,2.2624
2015-06-03,2.3642
2015-06-04,2.3070
2015-06-05,2.4076
2015-06-08,2.3824
2015-06-09,2.4384
2015-06-10,2.4838
2015-06-11,2.3772
2015-06-12,2.3918
2015-06-15,2.3559
2015-06-16,2.3093
2015-06-17,2.3165
2015-06-18,2.3345
2015-06-19,2.2577
2015-06-22,2.3725
2015-06-23,2.4087
2015-06-24,2.3672
2015-06-25,2.4088
2015-06-26,2.4726
2015-06-29,2.3242
2015-06-30,2.3531
2015-07-01,2.4219
2015-07-02,2.3823
2015-07-03,2.3823
2015-07-06,2.2850
2015-07-07,2.2582
2015-07-08,2.1922
2015-07-09,2.3211
2015-07-10,2.3972
2015-07-13,2.4538
2015-07-14,2.4010
2015-07-15,2.3521
2015-07-16,2.3503
2015-07-17,2.3469
2015-07-20,2.3723
2015-07-21,2.3253
2015-07-22,2.3235
2015-07-23,2.2677
2015-07-24,2.2624
2015-07-27,2.2175
2015-07-28,2.2499
2015-07-29,2.2859
2015-07-30,2.2589
2015-07-31,2.1801
2015-08-03,2.1480
2015-08-04,2.2213
2015-08-05,2.2699
2015-08-06,2.2214
2015-08-07,2.1623
2015-08-10,2.2269
2015-08-11,2.1409
2015-08-12,2.1480
2015-08-13,2.1854
2015-08-14,2.1977
2015-08-17,2.1678
2015-08-18,2.1925
2015-08-19,2.1256
2015-08-20,2.0679
2015-08-21,2.0365
2015-08-24,2.0034
2015-08-25,2.0714
2015-08-26,2.1752
2015-08-27,2.1841
2015-08-28,2.1806
2015-08-31,2.2179
2015-09-01,2.1524
2015-09-02,2.1843
2015-09-03,2.1596
2015-09-04,2.1244
2015-09-07,2.1244
2015-09-08,2.1828
2015-09-09,2.2006
2015-09-10,2.2220
2015-09-11,2.1883
2015-09-14,2.1831
2015-09-15,2.2867
2015-09-16,2.2940
2015-09-17,2.1903
2015-09-18,2.1336
2015-09-21,2.2012
2015-09-22,2.1337
2015-09-23,2.1497
2015-09-24,2.1266
2015-09-25,2.1623
2015-09-28,2.0949
2015-09-29,2.0508
2015-09-30,2.0368
2015-10-01,2.0368
2015-10-02,1.9929
2015-10-05,2.0562
2015-10-06,2.0315
2015-10-07,2.0668
2015-10-08,2.1040
2015-10-09,2.0881
2015-10-12,2.0881
2015-10-13,2.0439
2015-10-14,1.9718
2015-10-15,2.0175
2015-10-16,2.0334
2015-10-19,2.0228
2015-10-20,2.0670
2015-10-21,2.0228
2015-10-22,2.0263
2015-10-23,2.0866
2015-10-26,2.0564
2015-10-27,2.0370
2015-10-28,2.1009
2015-10-29,2.1725
2015-10-30,2.1421
2015-11-02,2.1709
2015-11-03,2.2105
2015-11-04,2.2250
2015-11-05,2.2323
2015-11-06,2.3252
2015-11-09,2.3436
2015-11-10,2.3419
2015-11-11,2.3301
2015-11-12,2.3116
2015-11-13,2.2658
2015-11-16,2.2676
2015-11-17,2.2658
2015-11-18,2.2728
2015-11-19,2.2482
2015-11-20,2.2623
2015-11-23,2.2377
2015-11-24,2.2377
2015-11-25,2.2341
2015-11-26,2.2341
2015-11-27,2.2201
2015-11-30,2.2060
2015-12-01,2.1431
2015-12-02,2.1797
2015-12-03,2.3136
2015-12-04,2.2693
2015-12-07,2.2288
2015-12-08,2.2182
2015-12-09,2.2164
2015-12-10,2.2305
2015-12-11,2.1270
2015-12-14,2.2217
2015-12-15,2.2658
2015-12-16,2.2960
2015-12-17,2.2234
2015-12-18,2.2040
2015-12-21,2.1917
2015-12-22,2.2357
2015-12-23,2.2534
2015-12-24,2.2410
2015-12-25,2.2410
2015-12-28,2.2304
2015-12-29,2.3050
2015-12-30,2.2943
2015-12-31,2.2694
2016-01-01,2.2694
2016-01-04,2.2428
2016-01-05,2.2357
2016-01-06,2.1702
2016-01-07,2.1455
2016-01-08,2.1156
2016-01-11,2.1754
2016-01-12,2.1032
2016-01-13,2.0927
2016-01-14,2.0874
2016-01-15,2.0347
2016-01-18,2.0347
2016-01-19,2.0556
2016-01-20,1.9824
2016-01-21,2.0311
2016-01-22,2.0519
2016-01-25,2.0012
2016-01-26,1.9942
2016-01-27,1.9993
2016-01-28,1.9784
2016-01-29,1.9209
2016-02-01,1.9486
2016-02-02,1.8448
2016-02-03,1.8861
2016-02-04,1.8395
2016-02-05,1.8357
2016-02-10,1.6681
2016-02-11,1.6590
2016-02-12,1.7481
2016-02-15,1.7481
2016-02-16,1.7723
2016-02-17,1.8190
2016-02-18,1.7396
2016-02-19,1.7449
2016-02-22,1.7518
2016-02-23,1.7225
2016-02-24,1.7484
2016-02-25,1.7157
2016-02-26,1.7623
2016-02-29,1.7347
2016-03-01,1.8249
2016-03-02,1.8406
2016-03-03,1.8337
2016-03-04,1.8741
2016-03-07,1.9057
2016-03-08,1.8287
2016-03-09,1.8760
2016-03-10,1.9323
2016-03-11,1.9839
2016-03-14,1.9592
2016-03-15,1.9699
2016-03-16,1.9081
2016-03-17,1.8958
2016-03-18,1.8732
2016-03-21,1.9155
2016-03-22,1.9403
2016-03-23,1.8786
2016-03-24,1.9000
2016-03-25,1.9000
2016-03-28,1.8860
2016-03-29,1.8035
2016-03-30,1.8228
2016-03-31,1.7687
2016-04-01,1.7705
2016-04-04,1.7618
2016-04-05,1.7201
2016-04-06,1.7549
2016-04-07,1.6889
2016-04-08,1.7167
2016-04-11,1.7254
2016-04-12,1.7761
2016-04-13,1.7639
2016-04-14,1.7919
2016-04-15,1.7518
2016-04-18,1.7711
2016-04-19,1.7851
2016-04-20,1.8450
2016-04-21,1.8610
2016-04-22,1.8878
2016-04-25,1.9128
2016-04-26,1.9271
2016-04-27,1.8508
2016-04-28,1.8243
2016-04-29,1.8333
2016-05-02,1.8723
2016-05-03,1.7963
2016-05-04,1.7752
2016-05-05,1.7453
2016-05-06,1.7789
2016-05-09,1.7507
2016-05-10,1.7613
2016-05-11,1.7367
2016-05-12,1.7516
2016-05-13,1.7001
2016-05-16,1.7533
2016-05-17,1.7723
2016-05-18,1.8538
2016-05-19,1.8487
2016-05-20,1.8384
2016-05-23,1.8350
2016-05-24,1.8629
2016-05-25,1.8664
2016-05-26,1.8282
2016-05-27,1.8510
2016-05-30,1.8510
2016-05-31,1.8458
2016-06-01,1.8354
2016-06-02,1.7989
2016-06-03,1.7004
2016-06-06,1.7367
2016-06-07,1.7177
2016-06-08,1.7022
2016-06-09,1.6867
2016-06-10,1.6404
2016-06-13,1.6096
2016-06-14,1.6130
2016-06-15,1.5720
2016-06-16,1.5788
2016-06-17,1.6078
2016-06-20,1.6886
2016-06-21,1.7059
2016-06-22,1.6852
2016-06-23,1.7458
2016-06-24,1.5599
2016-06-27,1.4377
2016-06-28,1.4664
2016-06-29,1.5155
2016-06-30,1.4697
2016-07-01,1.4441
2016-07-04,1.4441
2016-07-05,1.3750
2016-07-06,1.3682
2016-07-07,1.3850
2016-07-08,1.3579
2016-07-11,1.4303
2016-07-12,1.5100
2016-07-13,1.4743
2016-07-14,1.5356
2016-07-15,1.5509
2016-07-18,1.5818
2016-07-19,1.5526
2016-07-20,1.5801
2016-07-21,1.5560
2016-07-22,1.5663
2016-07-25,1.5731
2016-07-26,1.5611
2016-07-27,1.4976
2016-07-28,1.5044
2016-07-29,1.4531
2016-08-01,1.5214
2016-08-02,1.5558
2016-08-03,1.5420
2016-08-04,1.5008
2016-08-05,1.5885
2016-08-08,1.5920
2016-08-09,1.5470
2016-08-10,1.5074
2016-08-11,1.5593
2016-08-12,1.5135
2016-08-15,1.5576
2016-08-16,1.5746
2016-08-17,1.5491
2016-08-18,1.5356
2016-08-19,1.5781
2016-08-22,1.5424
2016-08-23,1.5458
2016-08-24,1.5611
2016-08-25,1.5731
2016-08-26,1.6296
2016-08-30,1.5663
2016-09-01,1.5681
2016-09-02,1.6024
2016-09-05,1.6024
2016-09-06,1.5340
2016-09-07,1.5391
2016-09-08,1.5990
2016-09-09,1.6749
2016-09-12,1.6629
2016-09-13,1.7271
2016-09-14,1.6976
2016-09-15,1.6907
2016-09-16,1.6926
2016-09-19,1.7118
2016-09-20,1.6892
2016-09-21,1.6511
2016-09-22,1.6183
2016-09-23,1.6184
2016-09-26,1.5839
2016-09-27,1.5564
2016-09-28,1.5719
2016-09-29,1.5599
2016-09-30,1.5944
2016-10-03,1.6221
2016-10-04,1.6864
2016-10-05,1.7021
2016-10-06,1.7372
2016-10-07,1.7181
2016-10-10,1.7181
2016-10-11,1.7638
2016-10-12,1.7692
2016-10-13,1.7411
2016-10-14,1.7977
2016-10-17,1.7660
2016-10-18,1.7379
2016-10-19,1.7432
2016-10-20,1.7556
2016-10-21,1.7347
2016-10-24,1.7647
2016-10-25,1.7560
2016-10-26,1.7931
2016-10-27,1.8536
2016-10-28,1.8468
2016-10-31,1.8255
2016-11-01,1.8274
2016-11-02,1.8025
2016-11-03,1.8115
2016-11-04,1.7762
2016-11-07,1.8261
2016-11-08,1.8547
2016-11-09,2.0571
2016-11-10,2.1501
2016-11-11,2.1501
2016-11-14,2.2614
2016-11-15,2.2189
2016-11-16,2.2225
2016-11-17,2.3026
2016-11-18,2.3548
2016-11-21,2.3154
2016-11-22,2.3119
2016-11-23,2.3498
2016-11-24,2.3498
2016-11-25,2.3572
2016-11-28,2.3124
2016-11-29,2.2910
2016-11-30,2.3809
2016-12-01,2.4481
2016-12-02,2.3831
2016-12-05,2.3941
2016-12-06,2.3887
2016-12-07,2.3401
2016-12-08,2.4071
2016-12-09,2.4675
2016-12-12,2.4712
2016-12-13,2.4713
2016-12-14,2.5707
2016-12-15,2.5967
2016-12-16,2.5916
2016-12-19,2.5382
2016-12-20,2.5586
2016-12-21,2.5348
2016-12-22,2.5515
2016-12-23,2.5373
2016-12-26,2.5373
2016-12-27,2.5596
2016-12-28,2.5080
2016-12-29,2.4750
2016-12-30,2.4443
2017-01-03,2.4444
2017-01-04,2.4390
2017-01-05,2.3443
2017-01-06,2.4193
2017-01-09,2.3647
2017-01-10,2.3757
2017-01-11,2.3721
2017-01-12,2.3631
2017-01-13,2.3964
2017-01-16,2.3964
2017-01-17,2.3253
2017-01-18,2.4296
2017-01-19,2.4739
2017-01-20,2.4668
2017-01-23,2.3971
2017-01-24,2.4652
2017-01-25,2.5116
2017-01-26,2.5043
2017-01-27,2.4843
2017-01-30,2.4881
2017-01-31,2.4531
2017-02-01,2.4699
2017-02-02,2.4737
2017-02-03,2.4648
2017-02-06,2.4077
2017-02-07,2.3931
2017-02-08,2.3363
2017-02-09,2.3948
2017-02-10,2.4073
2017-02-13,2.4358
2017-02-14,2.4698
2017-02-15,2.4932
2017-02-16,2.4467
2017-02-17,2.4147
2017-02-20,2.4147
2017-02-21,2.4290
2017-02-22,2.4129
2017-02-23,2.3720
2017-02-24,2.3117
2017-02-27,2.3650
2017-02-28,2.3899
2017-03-01,2.4526
2017-03-02,2.4779
2017-03-03,2.4780
2017-03-06,2.4997
2017-03-07,2.5179
2017-03-08,2.5597
2017-03-09,2.6053
2017-03-10,2.5745
2017-03-13,2.6258
2017-03-14,2.6002
2017-03-15,2.4930
2017-03-16,2.5402
2017-03-17,2.5005
2017-03-20,2.4607
2017-03-21,2.4175
2017-03-22,2.4050
2017-03-23,2.4194
2017-03-24,2.4123
2017-03-27,2.3782
2017-03-28,2.4178
2017-03-29,2.3765
2017-03-30,2.4197
2017-03-31,2.3874
2017-04-03,2.3193
2017-04-04,2.3605
2017-04-05,2.3354
2017-04-06,2.3408
2017-04-07,2.3822
2017-04-10,2.3661
2017-04-11,2.2962
2017-04-12,2.2392
2017-04-13,2.2374
2017-04-14,2.2374
2017-04-17,2.2498
2017-04-18,2.1682
2017-04-19,2.2143
2017-04-20,2.2320
2017-04-21,2.2480
2017-04-24,2.2730
2017-04-25,2.3322
2017-04-26,2.3035
2017-04-27,2.2946
2017-04-28,2.2802
2017-05-02,2.2803
2017-05-03,2.3180
2017-05-04,2.3541
2017-05-05,2.3487
2017-05-08,2.3868
2017-05-09,2.3977
2017-05-10,2.4141
2017-05-11,2.3874
2017-05-12,2.3257
2017-05-15,2.3433
2017-05-16,2.3257
2017-05-17,2.2243
2017-05-18,2.2294
2017-05-19,2.2346
2017-05-22,2.2537
2017-05-23,2.2799
2017-05-24,2.2502
2017-05-25,2.2554
2017-05-26,2.2465
2017-05-30,2.2098
2017-05-31,2.2028
2017-06-01,2.2114
2017-06-02,2.1591
2017-06-05,2.1817
2017-06-06,2.1451
2017-06-07,2.1729
2017-06-08,2.1885
2017-06-09,2.2005
2017-06-12,2.2145
2017-06-13,2.2109
2017-06-14,2.1256
2017-06-15,2.1637
2017-06-16,2.1514
2017-06-19,2.1879
2017-06-20,2.1565
2017-06-21,2.1634
2017-06-22,2.1477
2017-06-23,2.1423
2017-06-26,2.1370
2017-06-27,2.2051
2017-06-28,2.2279
2017-06-29,2.2666
2017-06-30,2.3037
2017-07-03,2.3499
2017-07-04,2.3499
2017-07-05,2.3232
2017-07-06,2.3659
2017-07-07,2.3856
2017-07-10,2.3730
2017-07-11,2.3605
2017-07-12,2.3177
2017-07-13,2.3444
2017-07-14,2.3319
2017-07-18,2.2590
2017-07-19,2.2696
2017-07-20,2.2589
2017-07-21,2.2375
2017-07-24,2.2552
2017-07-25,2.3354
2017-07-26,2.2872
2017-07-27,2.3103
2017-07-28,2.2889
2017-07-31,2.2942
2017-08-01,2.2532
2017-08-02,2.2710
2017-08-03,2.2212
2017-08-04,2.2620
2017-08-07,2.2530
2017-08-08,2.2619
2017-08-09,2.2476
2017-08-10,2.1975
2017-08-11,2.1888
2017-08-14,2.2185
2017-08-15,2.2728
2017-08-16,2.2220
2017-08-17,2.1853
2017-08-18,2.1939
2017-08-21,2.1817
2017-08-22,2.2131
2017-08-23,2.1660
2017-08-24,2.1939
2017-08-25,2.1659
2017-08-28,2.1571
2017-08-29,2.1292
2017-08-30,2.1309
2017-08-31,2.1170
2017-09-01,2.1657
2017-09-04,2.1657
2017-09-05,2.0596
2017-09-06,2.1046
2017-09-07,2.0387
2017-09-08,2.0507
2017-09-11,2.1306
2017-09-12,2.1672
2017-09-13,2.1883
2017-09-14,2.1847
2017-09-15,2.2023
2017-09-18,2.2287
2017-09-19,2.2446
2017-09-20,2.2676
2017-09-21,2.2765
2017-09-22,2.2499
2017-09-25,2.2198
2017-09-26,2.2357
2017-09-27,2.3103
2017-09-28,2.3085
2017-09-29,2.3336
2017-10-02,2.3408
2017-10-03,2.3229
2017-10-04,2.3229
2017-10-05,2.3480
2017-10-06,2.3589
2017-10-09,2.3589
2017-10-10,2.3607
2017-10-11,2.3481
2017-10-12,2.3177
2017-10-13,2.2730
2017-10-16,2.3034
2017-10-17,2.2998
2017-10-18,2.3465
2017-10-19,2.3178
2017-10-20,2.3845
2017-10-23,2.3664
2017-10-24,2.4189
2017-10-25,2.4317
2017-10-26,2.4609
2017-10-27,2.4064
2017-10-30,2.3684
2017-10-31,2.3793
2017-11-01,2.3721
2017-11-02,2.3450
2017-11-03,2.3325
2017-11-06,2.3163
2017-11-07,2.3145
2017-11-08,2.3343
2017-11-09,2.3416
2017-11-10,2.3984
2017-11-13,2.4055
2017-11-14,2.3717
2017-11-15,2.3222
2017-11-16,2.3753
2017-11-17,2.3435
2017-11-20,2.3666
2017-11-21,2.3559
2017-11-22,2.3187
2017-11-23,2.3187
2017-11-24,2.3418
2017-11-27,2.3277
2017-11-28,2.3277
2017-11-29,2.3882
2017-11-30,2.4097
2017-12-01,2.3615
2017-12-04,2.3723
2017-12-05,2.3509
2017-12-06,2.3385
2017-12-07,2.3634
2017-12-08,2.3760
2017-12-11,2.3886
2017-12-12,2.4011
2017-12-13,2.3422
2017-12-14,2.3493
2017-12-15,2.3530
2017-12-18,2.3942
2017-12-19,2.4644
2017-12-20,2.4970
2017-12-21,2.4826
2017-12-22,2.4810
2017-12-25,2.4810
2017-12-26,2.4756
2017-12-27,2.4107
2017-12-28,2.4305
2017-12-29,2.4054
2018-01-01,2.4054
2018-01-02,2.4633
2018-01-03,2.4471
2018-01-04,2.4525
2018-01-05,2.4763
2018-01-08,2.4800
2018-01-09,2.5530
2018-01-10,2.5500
2018-01-11,2.5367
2018-01-12,2.5462
2018-01-15,2.5462
2018-01-16,2.5371
2018-01-17,2.5904
2018-01-18,2.6256
2018-01-19,2.6592
2018-01-22,2.6500
2018-01-23,2.6131
2018-01-24,2.6465
2018-01-25,2.6170
2018-01-26,2.6599
2018-01-29,2.6936
2018-01-30,2.7199
2018-01-31,2.7050
2018-02-01,2.7896
2018-02-02,2.8411
2018-02-05,2.7056
2018-02-06,2.8016
2018-02-07,2.8359
2018-02-08,2.8240
2018-02-09,2.8512
2018-02-12,2.8585
2018-02-13,2.8294
2018-02-14,2.9022
2018-02-15,2.9095
2018-02-16,2.8749
2018-02-19,2.8749
2018-02-20,2.8896
2018-02-21,2.9500
2018-02-22,2.9207
2018-02-23,2.8660
2018-02-26,2.8623
2018-02-27,2.8934
2018-02-28,2.8606
2018-03-01,2.8078
2018-03-02,2.8643
2018-03-05,2.8808
2018-03-06,2.8863
2018-03-07,2.8827
2018-03-08,2.8571
2018-03-09,2.8938
2018-03-12,2.8681
2018-03-13,2.8426
2018-03-14,2.8170
2018-03-15,2.8280
2018-03-16,2.8445
2018-03-19,2.8555
2018-03-20,2.8959
2018-03-21,2.8830
2018-03-22,2.8244
2018-03-23,2.8135
2018-03-26,2.8520
2018-03-27,2.7753
2018-03-28,2.7807
2018-03-29,2.7389
2018-03-30,2.7389
2018-04-02,2.7298
2018-04-03,2.7753
2018-04-04,2.8027
2018-04-05,2.8320
2018-04-06,2.7735
2018-04-09,2.7790
2018-04-10,2.8009
2018-04-11,2.7808
2018-04-12,2.8358
2018-04-13,2.8267
2018-04-16,2.8267
2018-04-17,2.8285
2018-04-18,2.8728
2018-04-19,2.9098
2018-04-20,2.9602
2018-04-23,2.9752
2018-04-24,2.9995
2018-04-25,3.0259
2018-04-26,2.9809
2018-04-27,2.9568
2018-04-30,2.9531
2018-05-01,2.9644
2018-05-02,2.9663
2018-05-03,2.9458
2018-05-04,2.9497
2018-05-07,2.9497
2018-05-08,2.9760
2018-05-09,3.0042
2018-05-10,2.9622
2018-05-11,2.9695
2018-05-14,3.0024
2018-05-15,3.0723
2018-05-16,3.0964
2018-05-17,3.1112
2018-05-18,3.0559
2018-05-21,3.0596
2018-05-22,3.0597
2018-05-23,2.9935
2018-05-24,2.9770
2018-05-25,2.9313
2018-05-28,2.9313
2018-05-29,2.7810
2018-05-30,2.8550
2018-05-31,2.8586
2018-06-01,2.9022
2018-06-04,2.9424
2018-06-05,2.9277
2018-06-06,2.9717
2018-06-07,2.9204
2018-06-08,2.9461
2018-06-11,2.9516
2018-06-12,2.9608
2018-06-13,2.9663
2018-06-14,2.9351
2018-06-15,2.9205
2018-06-18,2.9169
2018-06-19,2.8967
2018-06-20,2.9389
2018-06-21,2.8967
2018-06-22,2.8949
2018-06-25,2.8803
2018-06-26,2.8766
2018-06-27,2.8256
2018-06-28,2.8365
2018-06-29,2.8601
2018-07-02,2.8711
2018-07-03,2.8309
2018-07-04,2.8309
2018-07-05,2.8291
2018-07-06,2.8217
2018-07-09,2.8564
2018-07-10,2.8491
2018-07-11,2.8491
2018-07-12,2.8454
2018-07-13,2.8271
2018-07-16,2.8582
2018-07-17,2.8600
2018-07-18,2.8692
2018-07-19,2.8380
2018-07-20,2.8931
2018-07-23,2.9541
2018-07-24,2.9486
2018-07-25,2.9746
2018-07-26,2.9764
2018-07-27,2.9542
2018-07-30,2.9728
2018-07-31,2.9598
2018-08-01,3.0064
2018-08-02,2.9859
2018-08-03,2.9488
2018-08-06,2.9395
2018-08-07,2.9730
2018-08-08,2.9600
2018-08-09,2.9258
2018-08-10,2.8732
2018-08-13,2.8786
2018-08-14,2.8985
2018-08-15,2.8623
2018-08-16,2.8659
2018-08-17,2.8605
2018-08-20,2.8190
2018-08-21,2.8298
2018-08-22,2.8189
2018-08-23,2.8261
2018-08-24,2.8098
2018-08-27,2.8459
2018-08-28,2.8804
2018-08-29,2.8840
2018-08-30,2.8550
2018-08-31,2.8604
2018-09-03,2.8604
2018-09-04,2.8985
2018-09-05,2.9022
2018-09-06,2.8731
2018-09-07,2.9388
2018-09-10,2.9314
2018-09-11,2.9755
2018-09-12,2.9626
2018-09-13,2.9700
2018-09-14,2.9959
2018-09-17,2.9867
2018-09-18,3.0551
2018-09-19,3.0626
2018-09-20,3.0626
2018-09-21,3.0628
2018-09-24,3.0889
2018-09-25,3.0900
2018-09-26,3.0480
2018-09-27,3.0518
2018-09-28,3.0612
2018-10-01,3.0836
2018-10-02,3.0631
2018-10-03,3.1813
2018-10-04,3.1870
2018-10-05,3.2328
2018-10-08,3.2328
2018-10-09,3.2063
2018-10-10,3.1629
2018-10-11,3.1600
2018-10-12,3.1613
2018-10-15,3.1557
2018-10-16,3.1633
2018-10-17,3.2050
2018-10-18,3.1786
2018-10-19,3.1921
2018-10-22,3.1978
2018-10-23,3.1676
2018-10-24,3.1035
2018-10-25,3.1167
2018-10-26,3.0755
2018-10-29,3.0849
2018-10-30,3.1227
2018-10-31,3.1435
2018-11-01,3.1400
2018-11-02,3.2121
2018-11-05,3.2008
2018-11-06,3.2276
2018-11-07,3.2355
2018-11-08,3.2373
2018-11-09,3.1819
2018-11-12,3.1819
2018-11-13,3.1397
2018-11-14,3.1250
2018-11-15,3.1103
2018-11-16,3.0628
2018-11-19,3.0628
2018-11-20,3.0628
2018-11-21,3.0627
2018-11-22,3.0627
2018-11-23,3.0390
2018-11-26,3.0535
2018-11-27,3.0572
2018-11-28,3.0590
2018-11-29,3.0298
2018-11-30,2.9879
2018-12-03,2.9700
2018-12-04,2.9100
2018-12-05,2.9200
2018-12-06,2.8955
2018-12-07,2.8450
2018-12-10,2.8575
2018-12-11,2.8790
2018-12-12,2.9096
2018-12-13,2.9100
2018-12-14,2.8895
2018-12-17,2.8570
2018-12-18,2.8175
2018-12-19,2.7548
2018-12-20,2.8065
2018-12-21,2.7902
2018-12-24,2.7383
2018-12-25,2.7383
2018-12-26,2.8079
2018-12-27,2.7666
2018-12-28,2.7182
2018-12-31,2.6842
2019-01-01,2.6842
2019-01-02,2.6204
2019-01-03,2.5535
2019-01-04,2.6677
2019-01-07,2.6960
2019-01-08,2.7280
2019-01-09,2.7100
2019-01-10,2.7421
2019-01-11,2.7007
2019-01-14,2.7024
2019-01-15,2.7112
2019-01-16,2.7218
2019-01-17,2.7504
2019-01-18,2.7842
2019-01-21,2.7842
2019-01-22,2.7392
2019-01-23,2.7409
2019-01-24,2.7157
2019-01-25,2.7585
2019-01-28,2.7440
2019-01-29,2.7098
2019-01-30,2.6775
2019-01-31,2.6293
2019-02-01,2.6842
2019-02-04,2.7235
2019-02-05,2.6983
2019-02-06,2.6946
2019-02-07,2.6572
2019-02-08,2.6339
2019-02-11,2.6536
2019-02-12,2.6877
2019-02-13,2.7021
2019-02-14,2.6536
2019-02-15,2.6626
2019-02-18,2.6626
2019-02-19,2.6339
2019-02-20,2.6447
2019-02-21,2.6800
2019-02-22,2.6518
2019-02-25,2.6626
2019-02-26,2.6357
2019-02-27,2.6825
2019-02-28,2.7150
2019-03-01,2.7531
2019-03-04,2.7223
2019-03-05,2.7169
2019-03-06,2.6934
2019-03-07,2.6393
2019-03-08,2.6285
2019-03-11,2.6393
2019-03-12,2.6015
2019-03-13,2.6213
2019-03-14,2.6303
2019-03-15,2.5871
2019-03-18,2.6033
2019-03-19,2.6100
2019-03-20,2.5263
2019-03-21,2.5369
2019-03-22,2.4400
2019-03-25,2.3983
2019-03-26,2.4230
2019-03-27,2.3665
2019-03-28,2.3946
2019-03-29,2.4050
2019-04-01,2.5009
2019-04-02,2.4741
2019-04-03,2.5200
2019-04-04,2.5151
2019-04-05,2.4954
2019-04-08,2.5222
2019-04-09,2.5006
2019-04-10,2.4649
2019-04-11,2.4970
2019-04-12,2.5651
2019-04-15,2.5543
2019-04-16,2.5904
2019-04-17,2.5940
2019-04-18,2.5596
2019-04-19,2.5596
2019-04-22,2.5885
2019-04-23,2.5650
2019-04-24,2.5181
2019-04-25,2.5325
2019-04-26,2.4982
2019-04-29,2.5252
2019-04-30,2.5018
2019-05-01,2.4999
2019-05-02,2.5414
2019-05-03,2.5250
2019-05-06,2.4692
2019-05-07,2.4566
2019-05-08,2.4835
2019-05-09,2.4423
2019-05-10,2.4672
2019-05-13,2.3900
2019-05-14,2.4100
2019-05-15,2.3700
2019-05-16,2.3900
2019-05-17,2.3909
2019-05-20,2.4100
2019-05-21,2.4200
2019-05-22,2.3800
2019-05-23,2.3200
2019-05-24,2.3202
2019-05-27,2.3100
2019-05-28,2.2600
2019-05-29,2.2700
2019-05-30,2.1900
2019-05-31,2.1246
2019-06-03,2.0800
2019-06-04,2.1200
2019-06-05,2.1300
2019-06-06,2.1200
2019-06-07,2.0809
2019-06-10,2.1400
2019-06-11,2.1400
2019-06-12,2.1200
2019-06-13,2.0800
2019-06-14,2.0804
2019-06-17,2.0900
2019-06-18,2.0500
2019-06-19,2.0100
2019-06-20,2.0100
2019-06-21,2.0540
2019-06-24,2.0200
2019-06-25,2.0000
2019-06-26,2.0400
2019-06-27,2.0100
2019-06-28,2.0051
2019-07-01,2.0200
2019-07-02,1.9700
2019-07-03,1.9498
2019-07-04,1.9400
2019-07-05,2.0338
2019-07-08,2.0400
2019-07-09,2.0700
2019-07-10,2.0500
2019-07-11,2.1300
2019-07-12,2.1219
2019-07-15,2.0900
2019-07-16,2.1100
2019-07-17,2.0500
2019-07-18,2.0500
2019-07-19,2.0552
2019-07-22,2.0400
2019-07-23,2.0800
2019-07-24,2.0400
2019-07-25,2.0700
2019-07-26,2.0703
2019-07-29,2.0600
2019-07-30,2.0600
2019-07-31,2.0300
2019-08-01,1.9000
2019-08-02,1.8452
2019-08-05,1.6800
2019-08-06,1.7000
2019-08-07,1.7100
2019-08-08,1.7172
2019-08-09,1.7447
2019-08-12,1.6454
2019-08-13,1.7035
2019-08-14,1.5792
2019-08-15,1.5269
2019-08-16,1.5538
2019-08-19,1.6063
2019-08-20,1.5555
2019-08-21,1.5893
2019-08-22,1.6131
2019-08-23,1.5351
2019-08-26,1.5351
2019-08-27,1.4711
2019-08-28,1.4794
2019-08-29,1.4945
2019-08-30,1.4961
2019-09-02,1.4961
2019-09-03,1.4573
2019-09-04,1.4657
2019-09-05,1.5586
2019-09-06,1.5602
2019-09-09,1.6438
2019-09-10,1.7316
2019-09-11,1.7385
2019-09-12,1.7715
2019-09-13,1.8958
2019-09-16,1.8467
2019-09-17,1.8013
2019-09-18,1.7961
2019-09-19,1.7840
2019-09-20,1.7215
2019-09-23,1.7267
2019-09-24,1.6456
2019-09-25,1.7372
2019-09-26,1.6921
2019-09-27,1.6801
2019-09-30,1.6646
2019-10-01,1.6353
2019-10-02,1.5992
2019-10-03,1.5341
2019-10-04,1.5290
2019-10-07,1.5580
2019-10-08,1.5289
2019-10-09,1.5836
2019-10-10,1.6681
2019-10-11,1.7290
2019-10-14,1.7290
2019-10-15,1.7710
2019-10-16,1.7395
2019-10-17,1.7518
2019-10-21,1.7993
2019-10-22,1.7607
2019-10-23,1.7642
2019-10-24,1.7660
2019-10-25,1.7943
2019-10-28,1.8420
2019-10-29,1.8385
2019-10-30,1.7715
2019-10-31,1.6910
2019-11-01,1.7103
2019-11-04,1.7770
2019-11-05,1.8584
2019-11-06,1.8283
2019-11-07,1.9173
2019-11-08,1.9417
2019-11-11,1.9417
2019-11-12,1.9347
2019-11-13,1.8860
2019-11-14,1.8186
2019-11-15,1.8308
2019-11-18,1.8153
2019-11-19,1.7826
2019-11-20,1.7449
2019-11-21,1.7723
2019-11-22,1.7706
2019-11-25,1.7551
2019-11-26,1.7414
2019-11-27,1.7654
2019-11-28,1.7654
2019-11-29,1.7758
2019-12-02,1.8189
2019-12-03,1.7157
2019-12-04,1.7740
2019-12-05,1.8103
2019-12-06,1.8363
2019-12-09,1.8190
2019-12-10,1.8416
2019-12-11,1.7914
2019-12-12,1.8922
2019-12-13,1.8226
2019-12-16,1.8713
2019-12-18,1.9169
2019-12-19,1.9204
2019-12-20,1.9171
2019-12-23,1.9294
2019-12-24,1.8996
2019-12-25,1.8996
2019-12-26,1.8944
2019-12-27,1.8752
2019-12-30,1.8788
2019-12-31,1.9175
2020-01-01,1.9175
2020-01-02,1.8771
2020-01-03,1.7881
2020-01-06,1.8090
2020-01-07,1.8177
2020-01-08,1.8738
2020-01-09,1.8545
2020-01-10,1.8196
2020-01-13,1.8459
2020-01-14,1.8109
2020-01-15,1.7830
2020-01-16,1.8074
2020-01-17,1.8215
2020-01-20,1.8215
2020-01-21,1.7743
2020-01-22,1.7691
2020-01-23,1.7325
2020-01-24,1.6839
2020-01-27,1.6080
2020-01-28,1.6562
2020-01-29,1.5839
2020-01-30,1.5856
2020-01-31,1.5068
2020-02-03,1.5272
2020-02-04,1.5991
2020-02-05,1.6508
2020-02-06,1.6422
2020-02-07,1.5834
2020-02-10,1.5696
2020-02-11,1.6006
2020-02-12,1.6333
2020-02-13,1.6173
2020-02-14,1.5848
2020-02-17,1.5848
2020-02-18,1.5610
2020-02-19,1.5661
2020-02-20,1.5152
2020-02-21,1.4713
2020-02-24,1.3705
2020-02-25,1.3521
2020-02-26,1.3371
2020-02-27,1.2607
2020-02-28,1.1486
2020-03-02,1.1632
2020-03-03,0.9990
2020-03-04,1.0522
2020-03-05,0.9120
2020-03-06,0.7623
2020-03-09,0.5407
2020-03-10,0.8030
2020-03-11,0.8695
2020-03-12,0.8042
2020-03-13,0.9603
2020-03-16,0.7182
2020-03-17,1.0784
2020-03-18,1.1915
2020-03-19,1.1404
2020-03-20,0.8454
2020-03-23,0.7863
2020-03-24,0.8466
2020-03-25,0.8673
2020-03-26,0.8447
2020-03-27,0.6746
2020-03-30,0.7264
2020-03-31,0.6695
2020-04-01,0.5832
2020-04-02,0.5970
2020-04-03,0.5948
2020-04-06,0.6698
2020-04-07,0.7122
2020-04-08,0.7722
2020-04-09,0.7191
2020-04-10,0.7191
2020-04-13,0.7713
2020-04-14,0.7520
2020-04-15,0.6316
2020-04-16,0.6267
2020-04-17,0.6417
2020-04-20,0.6053
2020-04-21,0.5691
2020-04-22,0.6190
2020-04-23,0.6015
2020-04-24,0.6008
2020-04-27,0.6605
2020-04-28,0.6129
2020-04-29,0.6269
2020-04-30,0.6393
2020-05-01,0.6118
2020-05-04,0.6336
2020-05-05,0.6619
2020-05-06,0.7030
2020-05-07,0.6409
2020-05-08,0.6831
2020-05-11,0.7099
2020-05-12,0.6651
2020-05-13,0.6525
2020-05-14,0.6218
2020-05-15,0.6428
2020-05-18,0.7257
2020-05-19,0.6882
2020-05-20,0.6801
2020-05-21,0.6720
2020-05-22,0.6591
2020-05-25,0.6591
2020-05-26,0.6965
2020-05-27,0.6819
2020-05-28,0.6900
2020-05-29,0.6526
2020-06-01,0.6591
2020-06-02,0.6852
2020-06-03,0.7458
2020-06-04,0.8234
2020-06-05,0.8951
2020-06-08,0.8752
2020-06-09,0.8253
2020-06-10,0.7263
2020-06-11,0.6690
2020-06-12,0.7034
2020-06-15,0.7215
2020-06-16,0.7528
2020-06-17,0.7380
2020-06-18,0.7084
2020-06-19,0.6937
2020-06-22,0.7085
2020-06-23,0.7118
2020-06-24,0.6790
2020-06-25,0.6856
2020-06-26,0.6413
2020-06-29,0.6234
2020-06-30,0.6561
2020-07-01,0.6758
2020-07-02,0.6693
2020-07-03,0.6693
2020-07-06,0.6759
2020-07-07,0.6397
2020-07-08,0.6644
2020-07-09,0.6135
2020-07-10,0.6447
2020-07-13,0.6184
2020-07-14,0.6233
2020-07-15,0.6299
2020-07-16,0.6168
2020-07-17,0.6266
2020-07-20,0.6102
2020-07-21,0.6004
2020-07-22,0.5971
2020-07-23,0.5774
2020-07-24,0.5888
2020-07-27,0.6151
2020-07-28,0.5790
2020-07-29,0.5741
2020-07-30,0.5462
2020-07-31,0.5282
2020-08-03,0.5543
2020-08-04,0.5069
2020-08-05,0.5477
2020-08-06,0.5362
2020-08-07,0.5640
2020-08-10,0.5755
2020-08-11,0.6415
2020-08-12,0.6747
2020-08-13,0.7208
2020-08-17,0.6882
2020-08-18,0.6687
2020-08-19,0.6801
2020-08-20,0.6509
2020-08-21,0.6282
2020-08-24,0.6542
2020-08-25,0.6835
2020-08-26,0.6884
2020-08-27,0.7522
2020-08-28,0.7211
2020-08-31,0.7048
2020-09-01,0.6689
2020-09-02,0.6477
2020-09-03,0.6347
2020-09-04,0.7180
2020-09-07,0.7180
2020-09-08,0.6788
2020-09-09,0.7001
2020-09-10,0.6772
2020-09-14,0.6723
2020-09-15,0.6789
2020-09-16,0.6969
2020-09-17,0.6887
2020-09-18,0.6937
2020-09-21,0.6658
2020-09-22,0.6708
2020-09-23,0.6724
2020-09-24,0.6659
2020-09-25,0.6544
2020-09-28,0.6528
2020-09-29,0.6495
2020-09-30,0.6840
2020-10-01,0.6774
2020-10-02,0.7005
2020-10-05,0.7817
2020-10-06,0.7353
2020-10-07,0.7868
2020-10-08,0.7852
2020-10-09,0.7737
2020-10-12,0.7737
2020-10-13,0.7272
2020-10-14,0.7256
2020-10-15,0.7322
2020-10-16,0.7456
2020-10-19,0.7690
2020-10-20,0.7857
2020-10-21,0.8226
2020-10-22,0.8562
2020-10-23,0.8429
2020-10-26,0.8010
2020-10-27,0.7676
2020-10-28,0.7710
2020-10-29,0.8230
2020-10-30,0.8737
2020-11-02,0.8434
2020-11-03,0.8993
2020-11-04,0.7629
2020-11-05,0.7629
2020-11-06,0.8185
2020-11-09,0.9235
2020-11-10,0.9595
2020-11-11,0.9753
2020-11-12,0.8815
2020-11-13,0.8963
2020-11-16,0.9061
2020-11-17,0.8570
2020-11-18,0.8701
2020-11-19,0.8293
2020-11-20,0.8243
2020-11-23,0.8537
2020-11-24,0.8799
2020-11-25,0.8816
2020-11-26,0.8816
2020-11-27,0.8373
2020-11-30,0.8389
2020-12-01,0.9260
2020-12-02,0.9360
2020-12-03,0.9063
2020-12-04,0.9659
2020-12-07,0.9228
2020-12-08,0.9179
2020-12-09,0.9361
2020-12-10,0.9063
2020-12-11,0.8964
2020-12-14,0.8931
2020-12-15,0.9080
2020-12-16,0.9163
2020-12-17,0.9329
2020-12-18,0.9462
2020-12-21,0.9346
2020-12-22,0.9164
2020-12-23,0.9430
2020-12-24,0.9231
2020-12-25,0.9231
2020-12-28,0.9231
2020-12-29,0.9364
2020-12-30,0.9231
2020-12-31,0.9132
2021-01-01,0.9132
2021-01-04,0.9132
2021-01-05,0.9549
2021-01-06,1.0355
2021-01-07,1.0795
2021-01-08,1.1153
2021-01-11,1.1460
2021-01-12,1.1291
2021-01-13,1.0832
2021-01-14,1.1292
2021-01-15,1.0835
2021-01-18,1.0835
2021-01-19,1.0886
2021-01-20,1.0802
2021-01-21,1.1058
2021-01-22,1.0855
2021-01-25,1.0295
2021-01-26,1.0347
2021-01-27,1.0161
2021-01-28,1.0449
2021-01-29,1.0655
2021-02-01,1.0792
2021-02-02,1.0963
2021-02-03,1.1374
2021-02-04,1.1392
2021-02-05,1.1635
2021-02-08,1.1705
2021-02-09,1.1568
2021-02-10,1.1225
2021-02-11,1.1632
2021-02-12,1.2082
2021-02-15,1.2082
2021-02-16,1.3141
2021-02-17,1.2703
2021-02-18,1.2956
2021-02-19,1.3364
2021-02-22,1.3653
2021-02-23,1.3416
2021-02-24,1.3756
2021-02-25,1.5199
2021-02-26,1.4049
2021-03-01,1.4170
2021-03-02,1.3914
