일자,현재가
2006/11/12,332
2006/11/13,324
2006/11/14,321.5
2006/11/15,320
2006/11/16,319.05
2006/11/17,317.75
2006/11/19,320.5
2006/11/20,324.5
2006/11/21,324
2006/11/22,324
2006/11/23,324.9
2006/11/24,330.95
2006/11/26,321.25
2006/11/27,325.75
2006/11/28,323.2
2006/11/29,321.95
2006/11/30,329.35
2006/12/01,327.75
2006/12/04,331.45
2006/12/05,332
2006/12/06,327
2006/12/07,331.2
2006/12/08,333
2006/12/11,333.75
2006/12/12,332.95
2006/12/13,330.5
2006/12/14,330.05
2006/12/15,325.15
2006/12/17,327
2006/12/18,326.5
2006/12/19,329.25
2006/12/20,328.05
2006/12/21,327.3
2006/12/22,326.2
2006/12/25,328.4
2006/12/26,329.2
2006/12/27,327.5
2006/12/28,326.3
2006/12/29,338.5
2007/01/01,378.2
2007/01/02,340
2007/01/03,339.5
2007/01/04,340
2007/01/05,335.1
2007/01/07,335
2007/01/08,336
2007/01/09,333
2007/01/10,330.5
2007/01/11,331.5
2007/01/12,334.95
2007/01/15,334.7
2007/01/16,335.85
2007/01/17,342.9
2007/01/18,341
2007/01/19,344.9
2007/01/21,343
2007/01/22,346.75
2007/01/23,350
2007/01/24,350.55
2007/01/25,351.25
2007/01/26,350.95
2007/01/28,351.1
2007/01/29,341.9
2007/01/30,340.75
2007/01/31,339.5
2007/02/01,344.25
2007/02/02,338.25
2007/02/04,338.5
2007/02/05,341.25
2007/02/06,346
2007/02/07,342.95
2007/02/08,341.8
2007/02/09,341.65
2007/02/11,340.65
2007/02/12,337.3
2007/02/13,344.3
2007/02/14,343.95
2007/02/15,343.4
2007/02/16,341.8
2007/02/19,341.9
2007/02/20,337
2007/02/21,345.35
2007/02/22,348
2007/02/23,358.1
2007/02/25,358.4
2007/02/26,354.25
2007/02/27,346.6
2007/02/28,351.1
2007/03/01,348.8
2007/03/02,346.1
2007/03/05,342.5
2007/03/06,351
2007/03/07,352.75
2007/03/08,353
2007/03/09,356.4
2007/03/12,356
2007/03/13,350.3
2007/03/14,353.5
2007/03/15,350.55
2007/03/16,352.4
2007/03/18,354.75
2007/03/19,354.1
2007/03/20,355.3
2007/03/21,355.5
2007/03/22,357.5
2007/03/23,359.5
2007/03/25,356.8
2007/03/26,359
2007/03/27,357
2007/03/28,357.85
2007/03/29,356
2007/03/30,355.25
2007/04/01,355.25
2007/04/02,354.1
2007/04/03,355.5
2007/04/04,356.05
2007/04/05,356.75
2007/04/08,355.5
2007/04/09,359
2007/04/10,365.95
2007/04/11,369.75
2007/04/12,370.95
2007/04/13,381.05
2007/04/15,381.95
2007/04/16,377.5
2007/04/17,379
2007/04/18,383.5
2007/04/19,380
2007/04/20,388.25
2007/04/22,388
2007/04/23,384.1
2007/04/24,379.2
2007/04/25,383.2
2007/04/26,370.6
2007/04/27,374.45
2007/04/29,374
2007/04/30,370.1
2007/05/01,374.45
2007/05/02,375.75
2007/05/03,376.5
2007/05/04,377
2007/05/06,379
2007/05/09,368
2007/05/10,363
2007/05/11,368.65
2007/05/13,367.5
2007/05/14,361
2007/05/15,362
2007/05/16,357.5
2007/05/17,360.4
2007/05/18,365.25
2007/05/20,364.85
2007/05/21,371.9
2007/05/22,376.5
2007/05/23,374.75
2007/05/24,367
2007/05/25,367.8
2007/05/28,367
2007/05/29,367
2007/05/30,366.05
2007/05/31,368
2007/06/01,372.2
2007/06/04,372.25
2007/06/05,366.35
2007/06/06,374
2007/06/07,372.45
2007/06/08,370.6
2007/06/10,370.6
2007/06/11,372.5
2007/06/12,372
2007/06/13,370.65
2007/06/14,373
2007/06/15,373.5
2007/06/17,374.7
2007/06/18,374
2007/06/19,375.5
2007/06/20,379
2007/06/21,379.35
2007/06/22,381.95
2007/06/24,381
2007/06/25,372
2007/06/26,367.65
2007/06/27,369.75
2007/07/03,369
2007/07/04,370
2007/07/05,365.05
2007/07/06,368.95
2007/07/08,369
2007/07/09,370
2007/07/10,370.25
2007/07/11,371.75
2007/07/12,373.75
2007/07/13,371.45
2007/07/16,368.5
2007/07/17,367
2007/07/18,371.45
2007/07/19,373.7
2007/07/20,374.75
2007/07/22,374.5
2007/07/23,371.15
2007/07/24,368.35
2007/07/25,367.5
2007/07/26,367
2007/07/27,363.7
2007/07/29,360
2007/07/30,367
2007/07/31,365
2007/08/01,367
2007/08/02,366.3
2007/08/03,367.05
2007/08/05,367.5
2007/08/06,364
2007/08/07,361.5
2007/08/08,363.95
2007/08/09,359.6
2007/08/10,358.2
2007/08/12,353.55
2007/08/13,356.45
2007/08/14,354.7
2007/08/15,345
2007/08/16,332
2007/08/17,329.75
2007/08/19,331.5
2007/08/20,332.85
2007/08/21,315.2
2007/08/22,323
2007/08/23,327
2007/08/24,331.8
2007/08/26,330.1
2007/08/27,332.15
2007/08/28,324.15
2007/08/29,328.75
2007/08/30,330
2007/08/31,333.5
2007/09/03,331.85
2007/09/04,335.4
2007/09/05,332.6
2007/09/06,340
2007/09/07,340.8
2007/09/10,339.15
2007/09/11,338.85
2007/09/12,336.85
2007/09/13,336.6
2007/09/14,333.75
2007/09/16,335.5
2007/09/17,335.35
2007/09/18,336.45
2007/09/19,337.2
2007/09/20,341.55
2007/09/21,342.55
2007/09/23,342
2007/09/24,344.7
2007/09/25,342.05
2007/09/26,344.8
2007/09/27,347.15
2007/09/28,351.95
2007/09/30,353
2007/10/01,359
2007/10/02,351.5
2007/10/03,359
2007/10/04,372.5
2007/10/05,369.5
2007/10/07,368
2007/10/08,364.5
2007/10/09,367.5
2007/10/10,377.8
2007/10/11,382.55
2007/10/12,379.5
2007/10/14,382
2007/10/15,376
2007/10/16,374.1
2007/10/17,375.9
2007/10/18,375
2007/10/19,372.5
2007/10/21,362.1
2007/10/22,363.35
2007/10/23,365.5
2007/10/24,363
2007/10/25,369.9
2007/10/26,375.75
2007/10/28,379
2007/10/29,372
2007/10/30,369.5
2007/10/31,374
2007/11/01,375.45
2007/11/02,377.4
2007/11/04,378.05
2007/11/05,371.5
2007/11/06,386
2007/11/07,375
2007/11/08,377
2007/11/09,376.25
2007/11/11,370
2007/11/12,364.1
2007/11/13,375
2007/11/14,373.25
2007/11/15,365.1
2007/11/16,365.85
2007/11/18,362.4
2007/11/19,359
2007/11/20,363.5
2007/11/21,357.95
2007/11/22,353
2007/11/23,361.5
2007/11/25,357.85
2007/11/26,354.65
2007/11/27,344
2007/11/28,345
2007/11/29,343
2007/11/30,348.65
2007/12/03,346.95
2007/12/04,348.9
2007/12/05,350.1
2007/12/06,351.6
2007/12/07,347.65
2007/12/09,348.4
2007/12/10,349.35
2007/12/11,349.3
2007/12/12,352.95
2007/12/13,351.8
2007/12/14,357.4
2007/12/16,353.2
2007/12/17,358
2007/12/18,362.5
2007/12/19,358
2007/12/20,358.2
2007/12/21,361.15
2007/12/23,362
2007/12/24,363.4
2007/12/25,366.9
2007/12/26,369
2007/12/27,369.9
2007/12/28,370.5
2007/12/30,370.5
2007/12/31,374.95
2008/01/02,377
2008/01/03,380
2008/01/04,377.75
2008/01/06,371.8
2008/01/07,377.1
2008/01/08,381.5
2008/01/09,382.6
2008/01/10,381.9
2008/01/11,381.3
2008/01/13,381.8
2008/01/14,386.5
2008/01/15,381
2008/01/16,372
2008/01/17,367.1
2008/01/18,375.05
2008/01/21,362.5
2008/01/22,370.95
2008/01/23,369.95
2008/01/24,377.15
2008/01/25,385.45
2008/01/27,383.5
2008/01/28,391
2008/01/29,389.75
2008/01/30,387
2008/01/31,395
2008/02/01,417.05
2008/02/03,420
2008/02/04,425
2008/02/05,418.8
2008/02/06,422
2008/02/07,431
2008/02/08,440.85
2008/02/10,443.9
2008/02/11,444.95
2008/02/12,424.7
2008/02/13,441
2008/02/14,440.15
2008/02/15,451.7
2008/02/18,478
2008/02/19,485.7
2008/02/20,504.4
2008/02/21,521
2008/02/22,515.85
2008/02/24,518
2008/02/25,512
2008/02/26,548
2008/02/27,542.5
2008/02/28,585.25
2008/02/29,571.95
2008/03/03,581.2
2008/03/04,565.45
2008/03/05,559.55
2008/03/06,525.3
2008/03/07,495
2008/03/09,494.5
2008/03/10,478
2008/03/11,487.6
2008/03/12,505
2008/03/13,515.9
2008/03/14,514.4
2008/03/16,514.8
2008/03/17,476
2008/03/18,477
2008/03/19,458
2008/03/20,446.05
2008/03/23,440
2008/03/24,433
2008/03/25,450.1
2008/03/26,462
2008/03/27,453.8
2008/03/28,454.9
2008/03/30,447.5
2008/03/31,437.15
2008/04/01,441.75
2008/04/02,445.1
2008/04/03,447.4
2008/04/04,444.4
2008/04/06,445
2008/04/07,456.95
2008/04/08,457.4
2008/04/09,461.8
2008/04/10,468.75
2008/04/11,475.35
2008/04/13,473
2008/04/14,462.8
2008/04/15,453.7
2008/04/16,462.95
2008/04/17,461.2
2008/04/18,473.4
2008/04/20,463.95
2008/04/21,462.5
2008/04/22,463.4
2008/04/23,447.55
2008/04/24,444
2008/04/25,448.95
2008/04/27,438.15
2008/04/28,440.8
2008/04/29,431.65
2008/04/30,422.75
2008/05/01,415.5
2008/05/02,420
2008/05/05,424.45
2008/05/06,431.4
2008/05/07,425.75
2008/05/08,435.9
2008/05/09,443.85
2008/05/11,446.5
2008/05/12,441
2008/05/13,440.85
2008/05/14,437.7
2008/05/15,440.6
2008/05/16,453.3
2008/05/18,450
2008/05/19,451.35
2008/05/20,450.25
2008/05/21,460
2008/05/22,456.95
2008/05/23,457.3
2008/05/26,453.5
2008/05/27,443.95
2008/05/28,436.25
2008/05/29,427.8
2008/05/30,435
2008/06/02,437.9
2008/06/03,435.05
2008/06/04,429.2
2008/06/05,422.9
2008/06/06,433.8
2008/06/09,429.6
2008/06/10,428.25
2008/06/11,433
2008/06/12,441.65
2008/06/13,454.45
2008/06/15,454.25
2008/06/16,467
2008/06/17,463
2008/06/18,470.05
2008/06/19,478
2008/06/20,479.2
2008/06/23,474
2008/06/24,471
2008/06/25,465.5
2008/06/26,471.25
2008/06/27,471.2
2008/06/30,464.75
2008/07/01,472.05
2008/07/02,470.8
2008/07/03,462.95
2008/07/06,455
2008/07/07,450.9
2008/07/08,442.45
2008/07/09,449
2008/07/10,452.1
2008/07/11,457.8
2008/07/13,456
2008/07/14,455
2008/07/15,443.65
2008/07/16,431.5
2008/07/17,426
2008/07/18,416.6
2008/07/21,415
2008/07/22,412.9
2008/07/23,384.5
2008/07/24,390
2008/07/25,383
2008/07/27,381.15
2008/07/28,391.25
2008/07/29,383.35
2008/07/30,375.7
2008/07/31,383.5
2008/08/01,371.1
2008/08/04,358.9
2008/08/05,346.15
2008/08/06,354.1
2008/08/07,347.45
2008/08/08,330.75
2008/08/10,331
2008/08/11,322
2008/08/12,310.55
2008/08/13,321.9
2008/08/14,308
2008/08/15,284.8
2008/08/18,287.75
2008/08/19,283.85
2008/08/20,278.55
2008/08/21,289.15
2008/08/22,289
2008/08/25,286.5
2008/08/26,285.7
2008/08/27,286.5
2008/08/28,293.1
2008/08/29,303.8
2008/09/01,304.95
2008/09/02,290.6
2008/09/03,285.8
2008/09/04,287.55
2008/09/05,272.9
2008/09/07,275
2008/09/08,265.5
2008/09/09,232
2008/09/10,226.5
2008/09/11,234
2008/09/12,242.8
2008/09/14,250
2008/09/15,238
2008/09/16,227
2008/09/17,248.5
2008/09/18,235
2008/09/19,236.95
2008/09/22,255.75
2008/09/23,250.75
2008/09/24,249
2008/09/25,242.45
2008/09/26,225.5
2008/09/28,221.15
2008/09/29,219
2008/09/30,202.95
2008/10/01,210.95
2008/10/02,198
2008/10/03,201.85
2008/10/05,202.65
2008/10/06,201.7
2008/10/07,198.45
2008/10/08,199.7
2008/10/09,204.7
2008/10/10,197.5
2008/10/13,203.8
2008/10/14,204.55
2008/10/15,195.6
2008/10/16,173.1
2008/10/17,174.5
2008/10/19,177
2008/10/20,180.05
2008/10/21,183.1
2008/10/22,180.1
2008/10/23,172.65
2008/10/24,173.95
2008/10/26,172.5
2008/10/27,175.4
2008/10/28,183.75
2008/10/29,203
2008/10/30,196.7
2008/10/31,199.55
2008/11/03,200.05
2008/11/04,210.5
2008/11/05,218.5
2008/11/06,220
2008/11/07,224
2008/11/10,223.2
2008/11/11,219.25
2008/11/12,213
2008/11/13,213.95
2008/11/14,216.65
2008/11/17,216.15
2008/11/18,215.3
2008/11/19,193.85
2008/11/20,179.45
2008/11/21,178.85
2008/11/24,196.15
2008/11/25,196.2
2008/11/26,190.4
2008/11/27,189
2008/11/28,192.6
2008/12/01,175.5
2008/12/02,172.45
2008/12/03,173
2008/12/04,171.5
2008/12/05,162.7
2008/12/08,175.2
2008/12/09,181
2008/12/10,185.75
2008/12/11,184.2
2008/12/12,175
2008/12/15,177
2008/12/16,182.5
2008/12/17,177.25
2008/12/18,177.1
2008/12/19,177.95
2008/12/22,174.65
2008/12/23,174.7
2008/12/24,174.9
2008/12/26,176
2008/12/29,188.5
2008/12/30,184.2
2008/12/31,184.05
2009/01/02,192.3
2009/01/05,186.5
2009/01/06,201.45
2009/01/07,196
2009/01/08,197.8
2009/01/09,191.9
2009/01/11,191.9
2009/01/12,187.15
2009/01/13,185.25
2009/01/14,181.95
2009/01/15,179.9
2009/01/16,185.95
2009/01/18,186.35
2009/01/19,183.75
2009/01/20,184.55
2009/01/21,185.5
2009/01/22,185.5
2009/01/23,197.1
2009/01/26,193.7
2009/01/27,191
2009/01/28,191
2009/01/29,195.95
2009/01/30,193.3
2009/02/01,193.3
2009/02/02,198.45
2009/02/03,192.95
2009/02/04,198.25
2009/02/05,202.2
2009/02/06,213.35
2009/02/09,205.85
2009/02/10,213.4
2009/02/11,217
2009/02/12,216.4
2009/02/13,216.5
2009/02/15,216.5
2009/02/16,217
2009/02/17,219
2009/02/18,219.1
2009/02/19,217.75
2009/02/20,216.55
2009/02/23,199.7
2009/02/24,201.4
2009/02/25,197.8
2009/02/26,197.15
2009/02/27,194.85
2009/03/02,193
2009/03/03,193.55
2009/03/04,199.8
2009/03/05,199.8
2009/03/06,204
2009/03/09,199.1
2009/03/10,197.5
2009/03/11,199.1
2009/03/12,198.3
2009/03/13,200
2009/03/16,201.45
2009/03/17,197.9
2009/03/18,197.95
2009/03/19,206.75
2009/03/20,210.9
2009/03/22,210
2009/03/23,211.5
2009/03/24,208.3
2009/03/25,211.75
2009/03/26,225
2009/03/27,223.7
2009/03/30,217.3
2009/03/31,214
2009/04/01,222.4
2009/04/02,224.8
2009/04/03,224.95
2009/04/06,225.75
2009/04/07,228.75
2009/04/08,235.7
2009/04/09,231.1
2009/04/12,234.95
2009/04/13,241.75
2009/04/14,237.95
2009/04/15,238.8
2009/04/16,234.5
2009/04/17,233.55
2009/04/19,233
2009/04/20,226
2009/04/21,225
2009/04/22,233.5
2009/04/23,232.75
2009/04/24,235.7
2009/04/26,235.5
2009/04/27,226.05
2009/04/28,216.8
2009/04/29,224.5
2009/04/30,218.2
2009/05/01,213.9
2009/05/03,212
2009/05/04,221.4
2009/05/05,222.9
2009/05/06,228.05
2009/05/07,241.7
2009/05/08,242.3
2009/05/10,242.85
2009/05/11,237
2009/05/12,234.45
2009/05/13,222.55
2009/05/14,225.85
2009/05/15,226.95
2009/05/18,230
2009/05/19,234.1
2009/05/20,235.85
2009/05/21,236
2009/05/22,233.65
2009/05/25,235.15
2009/05/26,231.55
2009/05/27,226.55
2009/05/28,232
2009/05/29,236.05
2009/06/01,242.9
2009/06/02,250.5
2009/06/03,241.75
2009/06/04,254.4
2009/06/05,259.8
2009/06/08,252
2009/06/09,257.05
2009/06/10,258.75
2009/06/11,257.1
2009/06/12,254.1
2009/06/15,243.35
2009/06/16,242.8
2009/06/17,243.05
2009/06/18,239.7
2009/06/19,246.15
2009/06/22,235.65
2009/06/23,237
2009/06/24,237.45
2009/06/25,244.45
2009/06/26,247.2
2009/06/29,252.95
2009/06/30,250.95
2009/07/01,254
2009/07/02,252
2009/07/06,242.85
2009/07/07,240.5
2009/07/08,234.1
2009/07/09,235.75
2009/07/10,234.95
2009/07/13,235.15
2009/07/14,243.95
2009/07/15,248.4
2009/07/16,250.25
2009/07/17,249.6
2009/07/20,256
2009/07/21,257.6
2009/07/22,256.15
2009/07/23,259.85
2009/07/24,261.45
2009/07/27,263.9
2009/07/28,260
2009/07/29,255.5
2009/07/30,259.35
2009/07/31,264.6
2009/08/03,274
2009/08/04,280.9
2009/08/05,279.2
2009/08/06,272.2
2009/08/07,279.05
2009/08/10,276.6
2009/08/11,275.15
2009/08/12,273.35
2009/08/13,278.15
2009/08/14,277.25
2009/08/17,267.4
2009/08/18,274.45
2009/08/19,271.8
2009/08/20,275.25
2009/08/21,284.95
2009/08/24,285.35
2009/08/25,288.8
2009/08/26,285.9
2009/08/27,285.55
2009/08/28,290.6
2009/08/31,291.8
2009/09/01,288.15
2009/09/02,288.1
2009/09/03,293.2
2009/09/04,296
2009/09/07,296
2009/09/08,297.25
2009/09/09,295.05
2009/09/10,293
2009/09/11,294.5
2009/09/14,295.75
2009/09/15,298.2
2009/09/16,300.5
2009/09/17,305.75
2009/09/18,304.5
2009/09/21,299.15
2009/09/22,302.4
2009/09/23,297.65
2009/09/24,297.9
2009/09/25,294.9
2009/09/28,293.9
2009/09/29,289.05
2009/09/30,296.9
2009/10/01,292.95
2009/10/02,298
2009/10/05,302
2009/10/06,311
2009/10/07,315.7
2009/10/08,322.6
2009/10/09,323.75
2009/10/12,329.8
2009/10/13,329.8
2009/10/14,330.8
2009/10/15,328.15
2009/10/16,330.65
2009/10/19,334.4
2009/10/20,338.4
2009/10/21,341.5
2009/10/22,339.75
2009/10/23,339.45
2009/10/26,333.25
2009/10/27,330.55
2009/10/28,317.4
2009/10/29,328.3
2009/10/30,323.25
2009/11/02,325.2
2009/11/03,327.75
2009/11/04,328.8
2009/11/05,331.85
2009/11/06,330.7
2009/11/09,335.5
2009/11/10,333.75
2009/11/11,345.75
2009/11/12,349.75
2009/11/13,356.75
2009/11/16,376
2009/11/17,372
2009/11/18,374.15
2009/11/19,369.9
2009/11/20,364.35
2009/11/23,373.3
2009/11/24,369.25
2009/11/25,370.95
2009/11/26,366
2009/11/27,365.7
2009/11/30,363.55
2009/12/01,381.55
2009/12/02,387.7
2009/12/03,384.5
2009/12/04,379.3
2009/12/07,375.25
2009/12/08,375.35
2009/12/09,365.55
2009/12/10,365.1
2009/12/11,362.15
2009/12/14,368.3
2009/12/15,366.05
2009/12/16,373.15
2009/12/17,370
2009/12/18,367.9
2009/12/21,365.4
2009/12/22,354.25
2009/12/23,357.35
2009/12/24,389.65
2009/12/28,388.85
2009/12/29,388.85
2009/12/30,403
2010/01/04,421.4
2010/01/05,421.95
2010/01/06,427.2
2010/01/07,424.55
2010/01/08,425.15
2010/01/11,431.95
2010/01/12,425.8
2010/01/13,424.95
2010/01/14,443.05
2010/01/15,447.75
2010/01/18,459.5
2010/01/19,461.95
2010/01/20,462.05
2010/01/21,453.95
2010/01/22,440.1
2010/01/25,440
2010/01/26,427.55
2010/01/27,416.75
2010/01/28,413.35
2010/01/29,412.65
2010/02/01,428.55
2010/02/02,444.75
2010/02/03,436.8
2010/02/04,408.4
2010/02/05,398.25
2010/02/08,407.65
2010/02/09,416.6
2010/02/10,413.35
2010/02/11,418.95
2010/02/12,418.15
2010/02/15,421.5
2010/02/16,432.45
2010/02/17,438
2010/02/18,435.25
2010/02/19,442.35
2010/02/22,442.1
2010/02/23,434
2010/02/24,422.7
2010/02/25,423.3
2010/02/26,432.4
2010/03/01,436.5
2010/03/02,443.45
2010/03/03,449.5
2010/03/04,461.75
2010/03/05,476.7
2010/03/08,471.35
2010/03/09,469.3
2010/03/10,464.65
2010/03/11,461
2010/03/12,463.15
2010/03/15,460.65
2010/03/16,472.4
2010/03/17,478.85
2010/03/18,478.75
2010/03/19,468.5
2010/03/22,460.6
2010/03/23,464.55
2010/03/24,453.9
2010/03/25,452.6
2010/03/26,455.3
2010/03/29,475
2010/03/30,470.35
2010/03/31,479.95
2010/04/01,491.35
2010/04/05,508
2010/04/06,508.5
2010/04/07,512.35
2010/04/08,503.5
2010/04/09,513.6
2010/04/12,524.15
2010/04/13,521.8
2010/04/14,548
2010/04/15,545.9
2010/04/16,531.85
2010/04/19,533.7
2010/04/20,551.4
2010/04/21,568.25
2010/04/22,565.1
2010/04/23,563.2
2010/04/26,566.4
2010/04/27,548.95
2010/04/28,541.9
2010/04/29,549
2010/04/30,555.75
2010/05/03,548.25
2010/05/04,515.25
2010/05/05,508.55
2010/05/06,514.1
2010/05/07,510.2
2010/05/10,524.5
2010/05/11,532.2
2010/05/12,547.45
2010/05/13,543.3
2010/05/14,527.9
2010/05/17,503.6
2010/05/18,507
2010/05/19,459.7
2010/05/20,408.95
2010/05/21,439.45
2010/05/24,453.55
2010/05/25,430.4
2010/05/26,446.35
2010/05/27,462.25
2010/05/28,461.85
2010/05/31,466.3
2010/06/01,460.75
2010/06/02,451.4
2010/06/03,449.6
2010/06/04,431
2010/06/07,430.35
2010/06/08,442.15
2010/06/09,455.25
2010/06/10,449.3
2010/06/11,448.55
2010/06/14,462.6
2010/06/15,475.55
2010/06/16,475.2
2010/06/17,481.25
2010/06/18,491.4
2010/06/21,495.45
2010/06/22,489.95
2010/06/23,474.35
2010/06/24,470
2010/06/25,477.9
2010/06/28,472.45
2010/06/29,454.4
2010/06/30,444.4
2010/07/01,429.05
2010/07/02,426.9
2010/07/05,428.2
2010/07/06,440.4
2010/07/07,442.35
2010/07/08,444.4
2010/07/09,456.95
2010/07/12,454.15
2010/07/13,469.15
2010/07/14,465.8
2010/07/15,467.2
2010/07/16,448.6
2010/07/19,443.9
2010/07/20,451.05
2010/07/21,452.15
2010/07/22,456.9
2010/07/23,466.75
2010/07/26,475
2010/07/27,466.55
2010/07/28,468.75
2010/07/29,491.2
2010/07/30,500
2010/08/02,515.85
2010/08/03,506.45
2010/08/04,500.15
2010/08/05,496.05
2010/08/06,487.6
2010/08/09,479.65
2010/08/10,470.6
2010/08/11,464.7
2010/08/12,471.05
2010/08/13,477.25
2010/08/16,485.75
2010/08/17,497.3
2010/08/18,490.4
2010/08/19,485.65
2010/08/20,476.2
2010/08/23,483.7
2010/08/24,484.25
2010/08/25,491.55
2010/08/26,502.5
2010/08/27,503.05
2010/08/30,497.9
2010/08/31,500.4
2010/09/01,518.35
2010/09/02,523.45
2010/09/03,529.05
2010/09/06,528.55
2010/09/07,521.6
2010/09/08,527.1
2010/09/09,521.8
2010/09/10,519.85
2010/09/13,529.8
2010/09/14,553.8
2010/09/15,559.6
2010/09/16,549.35
2010/09/17,545.7
2010/09/20,541.85
2010/09/21,530.05
2010/09/22,541.9
2010/09/23,556.85
2010/09/24,560.5
2010/09/27,552.2
2010/09/28,560.45
2010/09/29,567.3
2010/09/30,571.95
2010/10/01,573
2010/10/04,560
2010/10/05,578.2
2010/10/06,589.65
2010/10/07,587.1
2010/10/08,587.6
2010/10/11,588.75
2010/10/12,580.65
2010/10/13,593.65
2010/10/14,601.55
2010/10/15,589.2
2010/10/18,588.1
2010/10/19,578.45
2010/10/20,590.65
2010/10/21,586.3
2010/10/22,591.1
2010/10/25,608.8
2010/10/26,625.45
2010/10/27,619.15
2010/10/28,629.45
2010/10/29,645.1
2010/11/01,648.7
2010/11/02,645.45
2010/11/03,642.7
2010/11/04,674.75
2010/11/05,685.4
2010/11/08,710.9
2010/11/09,742.65
2010/11/10,696.75
2010/11/11,704.15
2010/11/12,673.65
2010/11/15,681.3
2010/11/16,645.9
2010/11/17,654.85
2010/11/18,695.5
2010/11/19,703.7
2010/11/22,684.7
2010/11/23,691.1
2010/11/24,695.4
2010/11/25,701.5
2010/11/26,676.5
2010/11/29,693
2010/11/30,700.95
2010/12/01,730.75
2010/12/02,762.3
2010/12/03,768.85
2010/12/06,750.15
2010/12/07,738.7
2010/12/08,728.95
2010/12/09,741.6
2010/12/10,732.7
2010/12/13,752.45
2010/12/14,768.2
2010/12/15,752.65
2010/12/16,742.55
2010/12/17,738.6
2010/12/20,744.75
2010/12/21,753.05
2010/12/22,755.15
2010/12/23,758.1
2010/12/27,767.1
2010/12/28,787.2
2010/12/29,793.4
2010/12/30,786.2
2011/01/03,794.3
2011/01/04,772
2011/01/05,775.15
2011/01/06,762.9
2011/01/07,755.95
2011/01/10,749.65
2011/01/11,783.75
2011/01/12,806.75
2011/01/13,813.45
2011/01/14,790.5
2011/01/17,792.1
2011/01/18,810.45
2011/01/19,819.75
2011/01/20,815.85
2011/01/21,816.75
2011/01/24,816.55
2011/01/25,784.75
2011/01/26,804.6
2011/01/27,813.5
2011/01/28,817
2011/01/31,820.1
2011/02/01,823.55
2011/02/02,810.55
2011/02/03,820.55
2011/02/04,816.45
2011/02/07,819.05
2011/02/08,838.45
2011/02/09,826.45
2011/02/10,820.9
2011/02/11,814.7
2011/02/14,832.6
2011/02/16,838.35
2011/02/17,843
2011/02/18,857.7
2011/02/21,857.85
2011/02/22,805.7
2011/02/23,774.55
2011/02/24,777.75
2011/02/25,785.45
2011/02/28,797.65
2011/03/01,814.35
2011/03/02,820.4
2011/03/03,812.6
2011/03/04,809.8
2011/03/07,790.1
2011/03/08,786.7
2011/03/09,781.65
2011/03/10,766.4
2011/03/11,765.5
2011/03/14,748.2
2011/03/15,704.9
2011/03/16,705.05
2011/03/17,716.8
2011/03/18,731.2
2011/03/21,742.3
2011/03/22,737.85
2011/03/23,749.3
2011/03/24,752.25
2011/03/25,750.4
2011/03/28,745.7
2011/03/29,752.95
2011/03/30,758.1
2011/03/31,767.9
2011/04/01,782.2
2011/04/04,784.4
2011/04/05,789.8
2011/04/06,784.6
2011/04/07,780.25
2011/04/08,794.2
2011/04/11,788.25
2011/04/12,770.1
2011/04/13,765.3
2011/04/14,774.25
2011/04/15,768.1
2011/04/18,739.1
2011/04/19,731.1
2011/04/20,758.9
2011/04/21,769.05
2011/04/25,760.8
2011/04/26,755.7
2011/04/27,758.1
2011/04/28,775.3
2011/04/29,792.15
2011/05/02,784.1
2011/05/03,782.4
2011/05/04,746.7
2011/05/05,710.8
2011/05/06,716.3
2011/05/09,729
2011/05/10,732.65
2011/05/11,715.4
2011/05/12,716.85
2011/05/13,706.45
2011/05/16,713.5
2011/05/17,714.25
2011/05/18,737.2
2011/05/19,728.15
2011/05/20,735.5
2011/05/23,731.8
2011/05/24,735.25
2011/05/25,747.35
2011/05/26,757.2
2011/05/27,759.9
2011/05/30,759.5
2011/05/31,778.95
2011/06/01,777.45
2011/06/02,768.4
2011/06/03,783.25
2011/06/06,797.05
2011/06/07,809.5
2011/06/08,805.7
2011/06/09,818.1
2011/06/10,817.3
2011/06/13,800.35
2011/06/14,792.75
2011/06/15,776
2011/06/16,763.5
2011/06/17,745.4
2011/06/20,748.2
2011/06/21,767.25
2011/06/22,770.65
2011/06/23,743.35
2011/06/24,731.5
2011/06/27,724.6
2011/06/28,735.15
2011/06/29,751.9
2011/06/30,755.5
2011/07/01,756.5
2011/07/04,759.55
2011/07/05,775.65
2011/07/06,773.2
2011/07/07,786.55
2011/07/08,778.95
2011/07/11,767.45
2011/07/12,767.45
2011/07/13,784
2011/07/14,783.35
2011/07/15,780.65
2011/07/18,794.6
2011/07/19,798.3
2011/07/20,793.65
2011/07/21,809
2011/07/22,806.4
2011/07/25,809
2011/07/26,836.1
2011/07/27,833.2
2011/07/28,828.1
2011/07/29,827.7
2011/08/01,829.5
2011/08/02,826.9
2011/08/03,795.1
2011/08/04,752.95
2011/08/05,741.75
2011/08/08,728.5
2011/08/09,734.55
2011/08/10,726.8
2011/08/11,733.8
2011/08/12,748.2
2011/08/15,746.35
2011/08/16,756.5
2011/08/17,775.9
2011/08/18,757
2011/08/19,748.8
2011/08/22,765.1
2011/08/23,764.4
2011/08/24,743.15
2011/08/25,751.15
2011/08/26,756.35
2011/08/29,753.95
2011/08/30,777.05
2011/08/31,788.1
2011/09/01,788.55
2011/09/02,781.1
2011/09/05,761.55
2011/09/06,747.45
2011/09/07,752.7
2011/09/08,765.3
2011/09/09,738.6
2011/09/12,711.35
2011/09/13,728.5
2011/09/14,721
2011/09/15,723.5
2011/09/16,732.95
2011/09/19,712.1
2011/09/20,717.75
2011/09/21,712.85
2011/09/22,664.05
2011/09/23,642.5
2011/09/26,627.4
2011/09/27,649.95
2011/09/28,634.75
2011/09/29,623.6
2011/09/30,614.55
2011/10/03,593.75
2011/10/04,564.15
2011/10/05,595.4
2011/10/06,598.8
2011/10/07,585.85
2011/10/10,614.3
2011/10/11,604.3
2011/10/12,611.1
2011/10/13,594.1
2011/10/14,620.55
2011/10/17,616.8
2011/10/18,619.9
2011/10/19,608.4
2011/10/20,584.4
2011/10/21,618.25
2011/10/24,638.5
2011/10/25,652.1
2011/10/26,646.05
2011/10/27,669.9
2011/10/28,668.35
2011/10/31,651.15
2011/11/01,635
2011/11/02,648.65
2011/11/03,662.1
2011/11/04,655.3
2011/11/07,661.9
2011/11/08,677.25
2011/11/09,654.85
2011/11/10,647.8
2011/11/11,662.8
2011/11/14,664.3
2011/11/15,667.05
2011/11/16,654.45
2011/11/17,603.7
2011/11/18,605.15
2011/11/21,585.8
2011/11/22,601.15
2011/11/23,589.85
2011/11/24,575.95
2011/11/25,570.1
2011/11/28,578.35
2011/11/29,581.75
2011/11/30,610
2011/12/01,627.65
2011/12/02,643.6
2011/12/05,644.5
2011/12/06,668.6
2011/12/07,685.45
2011/12/08,675.3
2011/12/09,686.5
2011/12/12,663
2011/12/13,664.15
2011/12/14,619.6
2011/12/15,620.65
2011/12/16,625.5
2011/12/19,617.7
2011/12/20,628.6
2011/12/21,634.1
2011/12/22,654.4
2011/12/23,666.25
2011/12/27,666.6
2011/12/28,647.15
2011/12/29,631
2011/12/30,656.15
2012/01/02,656
2012/01/03,663.5
2012/01/04,653.55
2012/01/05,644.4
2012/01/06,614
2012/01/09,617.85
2012/01/10,635.2
2012/01/11,645.65
2012/01/12,641.25
2012/01/13,635.05
2012/01/16,642
2012/01/17,655.5
2012/01/18,668.5
2012/01/19,678.4
2012/01/20,675.7
2012/01/23,688.85
2012/01/24,680.55
2012/01/25,693.35
2012/01/26,694.45
2012/01/27,690.15
2012/01/30,688.5
2012/01/31,686.35
2012/02/01,696.7
2012/02/02,707.65
2012/02/03,708.85
2012/02/06,705.95
2012/02/07,709.15
2012/02/08,715.9
2012/02/09,711.3
2012/02/10,703.05
2012/02/13,698.55
2012/02/14,687.25
2012/02/15,683.65
2012/02/16,696.6
2012/02/17,688.1
2012/02/20,695.85
2012/02/21,710.75
2012/02/22,717.75
2012/02/23,718.4
2012/02/24,710.75
2012/02/27,705.3
2012/02/28,719.75
2012/02/29,706.65
2012/03/01,715
2012/03/02,710.8
2012/03/05,705.35
2012/03/06,670
2012/03/07,685.35
2012/03/08,699.45
2012/03/09,709.95
2012/03/12,704.25
2012/03/13,708.85
2012/03/14,697.45
2012/03/15,709.9
2012/03/16,701.7
2012/03/19,707.6
2012/03/20,697.05
2012/03/21,688.65
2012/03/22,651.05
2012/03/23,659.9
2012/03/26,668.75
2012/03/27,663
2012/03/28,647.35
2012/03/29,644.55
2012/03/30,654.1
2012/04/02,663.3
2012/04/03,650.55
2012/04/04,632.75
2012/04/05,651.25
2012/04/09,650.1
2012/04/10,636.85
2012/04/11,638.85
2012/04/12,653.1
2012/04/13,647.2
2012/04/16,650.7
2012/04/17,661.95
2012/04/18,657.25
2012/04/19,663.3
2012/04/20,676.9
2012/04/23,670.9
2012/04/24,665.8
2012/04/25,655.1
2012/04/26,672.65
2012/04/27,681.5
2012/04/30,682.35
2012/05/01,681.05
2012/05/02,669.45
2012/05/03,661.35
2012/05/04,652.15
2012/05/07,647.8
2012/05/08,622.85
2012/05/09,613.65
2012/05/10,615.35
2012/05/11,603.4
2012/05/14,594.85
2012/05/15,601.1
2012/05/16,594.1
2012/05/17,605.85
2012/05/18,603.6
2012/05/21,610.8
2012/05/22,615.55
2012/05/23,591.1
2012/05/24,587.5
2012/05/25,590
2012/05/28,606.85
2012/05/29,603.55
2012/05/30,604.7
2012/05/31,612.1
2012/06/01,612.3
2012/06/04,612.25
2012/06/05,618.05
2012/06/06,631.25
2012/06/07,625.75
2012/06/08,612
2012/06/11,625.15
2012/06/12,624.25
2012/06/13,623.3
2012/06/14,634.9
2012/06/15,630.4
2012/06/18,633.15
2012/06/19,629.4
2012/06/20,619.5
2012/06/21,608.55
2012/06/22,607.2
2012/06/25,607.25
2012/06/26,593.7
2012/06/27,579.75
2012/06/28,563.9
2012/06/29,584.55
2012/07/02,584
2012/07/03,596.2
2012/07/04,595.05
2012/07/05,584
2012/07/06,580.35
2012/07/09,583.9
2012/07/10,576.6
2012/07/11,582.95
2012/07/12,574.8
2012/07/13,585.65
2012/07/16,577.85
2012/07/17,583.35
2012/07/18,577.55
2012/07/19,584.85
2012/07/20,576.1
2012/07/23,570.95
2012/07/24,561.6
2012/07/25,565.25
2012/07/26,569.9
2012/07/27,571.85
2012/07/30,588.35
2012/07/31,589
2012/08/01,582.25
2012/08/02,567.85
2012/08/03,578.2
2012/08/06,579.55
2012/08/07,588.2
2012/08/08,586.5
2012/08/09,586.7
2012/08/10,582.2
2012/08/13,574.7
2012/08/14,578.4
2012/08/15,578.05
2012/08/16,583.45
2012/08/17,605.1
2012/08/20,607.7
2012/08/21,624.2
2012/08/22,628.75
2012/08/23,656.6
2012/08/24,652.15
2012/08/27,654.75
2012/08/28,639.7
2012/08/29,634.85
2012/08/30,617.5
2012/08/31,627.95
2012/09/02,630.1
2012/09/03,636.2
2012/09/04,640.25
2012/09/05,646.5
2012/09/06,647
2012/09/07,654.75
2012/09/10,672.75
2012/09/11,674.9
2012/09/12,679.3
2012/09/13,689
2012/09/14,699.3
2012/09/17,689.1
2012/09/18,667.35
2012/09/19,673.05
2012/09/20,661.1
2012/09/21,671.55
2012/09/24,645.5
2012/09/25,640.85
2012/09/26,625.85
2012/09/27,635.4
2012/09/28,640.8
2012/09/30,629.85
2012/10/01,644
2012/10/02,654.2
2012/10/03,658.8
2012/10/04,666.05
2012/10/05,663.2
2012/10/08,656.95
2012/10/09,658.2
2012/10/10,649.9
2012/10/11,650.9
2012/10/12,639.05
2012/10/15,632.6
2012/10/16,638.95
2012/10/17,653.4
2012/10/18,647.2
2012/10/19,623
2012/10/22,622.65
2012/10/23,593.85
2012/10/24,592.75
2012/10/25,604.5
2012/10/26,595.4
2012/10/29,589.75
2012/10/30,596.15
2012/10/31,609.8
2012/11/01,612.45
2012/11/02,599.65
2012/11/04,602.35
2012/11/05,603
2012/11/06,620.15
2012/11/07,610.35
2012/11/08,614.35
2012/11/09,611.05
2012/11/12,608.05
2012/11/13,636.6
2012/11/14,641.55
2012/11/15,631.2
2012/11/16,626.45
2012/11/19,645.3
2012/11/20,638.35
2012/11/21,651.3
2012/11/22,655.5
2012/11/23,667.6
2012/11/26,661.2
2012/11/27,668.2
2012/11/28,671.7
2012/11/29,687.45
2012/11/30,688.2
2012/12/03,689
2012/12/04,682.7
2012/12/05,687.45
2012/12/06,697.05
2012/12/07,698
2012/12/10,704.75
2012/12/11,696.8
2012/12/12,701.15
2012/12/13,691.65
2012/12/14,702.05
2012/12/17,698.3
2012/12/18,690.95
2012/12/19,698.35
2012/12/20,680.25
2012/12/21,682.3
2012/12/24,684.55
2012/12/25,685.5
2012/12/26,692.4
2012/12/27,708.5
2012/12/28,700.3
2012/12/30,701.45
2012/12/31,700.5
2013/01/02,707.95
2013/01/03,688.5
2013/01/04,688.5
2013/01/07,670
2013/01/08,667.85
2013/01/09,688.2
2013/01/10,702.2
2013/01/11,701.45
2013/01/14,703.3
2013/01/15,713.35
2013/01/16,726.45
2013/01/17,726.15
2013/01/18,722.75
2013/01/20,719.4
2013/01/21,718.75
2013/01/22,729.9
2013/01/23,726.2
2013/01/24,726.7
2013/01/25,741
2013/01/28,740.55
2013/01/29,749.75
2013/01/30,751.4
2013/01/31,745.7
2013/02/01,756.4
2013/02/04,757.8
2013/02/05,765.45
2013/02/06,764.8
2013/02/07,750.45
2013/02/08,751.5
2013/02/11,758.6
2013/02/12,771.4
2013/02/13,772.05
2013/02/14,764.05
2013/02/15,753.15
2013/02/18,764.5
2013/02/19,764.15
2013/02/20,736.4
2013/02/21,733.6
2013/02/22,735.3
2013/02/25,749.05
2013/02/26,739.4
2013/02/27,745.65
2013/02/28,734.55
2013/03/01,720.4
2013/03/04,714.45
2013/03/05,740.65
2013/03/06,740.05
2013/03/07,759.05
2013/03/08,782.75
2013/03/11,779.2
2013/03/12,775.5
2013/03/13,771.25
2013/03/14,770.75
2013/03/15,775.65
2013/03/18,764.85
2013/03/19,739
2013/03/20,758.2
2013/03/21,756.85
2013/03/22,761.55
2013/03/25,757.35
2013/03/26,761.4
2013/03/27,768.3
2013/03/28,768.25
2013/04/01,783.95
2013/04/02,769.4
2013/04/03,755.45
2013/04/04,725.45
2013/04/05,723.9
2013/04/08,729.8
2013/04/09,733
2013/04/10,720.85
2013/04/11,733.35
2013/04/12,709.1
2013/04/15,665.75
2013/04/16,678.2
2013/04/17,661.4
2013/04/18,669.8
2013/04/19,677.05
2013/04/22,683.05
2013/04/23,673.35
2013/04/24,667.65
2013/04/25,681.4
2013/04/26,681.95
2013/04/29,699.2
2013/04/30,697.8
2013/05/01,684.75
2013/05/02,693.3
2013/05/03,693.3
2013/05/06,697.1
2013/05/07,680.6
2013/05/08,698.25
2013/05/09,714.75
2013/05/10,705.7
2013/05/13,718.7
2013/05/14,727.15
2013/05/15,729.05
2013/05/16,740.75
2013/05/17,740.25
2013/05/20,750.75
2013/05/21,748.1
2013/05/22,752.15
2013/05/23,738.65
2013/05/24,726.45
2013/05/27,736.6
2013/05/28,757
2013/05/29,750.1
2013/05/30,760.55
2013/05/31,753.65
2013/06/03,759.05
2013/06/04,751.05
2013/06/05,756.45
2013/06/06,762.3
2013/06/07,761.2
2013/06/10,769.4
2013/06/11,752.5
2013/06/12,757.05
2013/06/13,731.05
2013/06/14,731.7
2013/06/17,717.85
2013/06/18,708.35
2013/06/19,696.4
2013/06/20,665.1
2013/06/21,674.75
2013/06/24,657.65
2013/06/25,668.8
2013/06/26,633.25
2013/06/27,650.7
2013/06/28,660.7
2013/07/01,688.2
2013/07/02,688.9
2013/07/03,685.7
2013/07/04,676.3
2013/07/05,677.55
2013/07/08,695.4
2013/07/09,697.35
2013/07/10,713.8
2013/07/11,718.2
2013/07/12,722.9
2013/07/15,732.25
2013/07/16,735.6
2013/07/17,734.5
2013/07/18,747.5
2013/07/19,749.75
2013/07/22,750.45
2013/07/23,736.85
2013/07/24,745.3
2013/07/25,740.75
2013/07/26,724
2013/07/29,744.65
2013/07/30,728.65
2013/07/31,726.35
2013/08/01,731.85
2013/08/02,729.7
2013/08/05,735.2
2013/08/06,722.8
2013/08/07,723.15
2013/08/08,738.55
2013/08/09,741
2013/08/12,737.6
2013/08/13,738.9
2013/08/14,740.35
2013/08/15,761.65
2013/08/16,763.05
2013/08/19,752.9
2013/08/20,749.65
2013/08/21,746.9
2013/08/22,755.05
2013/08/23,750.85
2013/08/26,746.05
2013/08/27,749.15
2013/08/28,746.05
2013/08/29,738.3
2013/08/30,723.85
2013/09/02,716.25
2013/09/03,717.95
2013/09/04,698.25
2013/09/05,687.2
2013/09/06,696.85
2013/09/09,683
2013/09/10,692.65
2013/09/11,691.2
2013/09/12,692.8
2013/09/13,699.1
2013/09/16,706.05
2013/09/17,706.95
2013/09/18,703.1
2013/09/19,738.2
2013/09/20,721.95
2013/09/23,717.95
2013/09/24,721.3
2013/09/25,723.25
2013/09/26,723.45
2013/09/27,731.8
2013/09/30,725.95
2013/10/01,718.9
2013/10/02,721.2
2013/10/03,700.2
2013/10/04,701.95
2013/10/07,705.35
2013/10/08,714.9
2013/10/09,704.1
2013/10/10,712.55
2013/10/11,713.3
2013/10/14,715.25
2013/10/15,706.3
2013/10/16,713.55
2013/10/17,737.9
2013/10/18,740.65
2013/10/21,750.25
2013/10/22,752.9
2013/10/23,746.1
2013/10/24,747.8
2013/10/25,747.9
2013/10/28,750.45
2013/10/29,747.05
2013/10/30,749.5
2013/10/31,736.8
2013/11/01,738.25
2013/11/04,749.5
2013/11/05,750.3
2013/11/06,764.35
2013/11/07,759.15
2013/11/08,757.9
2013/11/11,754.55
2013/11/12,742.35
2013/11/13,735.45
2013/11/14,739.8
2013/11/15,732.65
2013/11/18,716.75
2013/11/19,721.9
2013/11/20,713.85
2013/11/21,713.25
2013/11/22,716.35
2013/11/25,722.15
2013/11/26,718.45
2013/11/27,715.95
2013/11/28,723.25
2013/11/29,719.65
2013/12/02,713.4
2013/12/03,714.8
2013/12/04,729.25
2013/12/05,736.85
2013/12/06,736.15
2013/12/09,735
2013/12/10,738.45
2013/12/11,738.55
2013/12/12,720.25
2013/12/13,716.2
2013/12/16,716.35
2013/12/17,701.05
2013/12/18,699.45
2013/12/19,696.3
2013/12/20,698.75
2013/12/23,695.65
2013/12/24,695.45
2013/12/25,697.5
2013/12/26,700.75
2013/12/27,711.95
2013/12/30,710.8
2013/12/31,711
2014/01/02,730.25
2014/01/03,731.2
2014/01/06,738.5
2014/01/07,741.7
2014/01/08,738.3
2014/01/09,736.5
2014/01/10,746.05
2014/01/13,740
2014/01/14,738.9
2014/01/15,744
2014/01/16,743.9
2014/01/17,748.55
2014/01/20,748.55
2014/01/21,748.05
2014/01/22,748.85
2014/01/23,745.9
2014/01/24,734.8
2014/01/27,722.55
2014/01/28,716.5
2014/01/29,711.15
2014/01/30,706.85
2014/01/31,703.2
2014/02/03,702.7
2014/02/04,700.1
2014/02/05,707.1
2014/02/06,710.35
2014/02/07,708.8
2014/02/10,716.75
2014/02/11,716.35
2014/02/12,729.05
2014/02/13,731.1
2014/02/14,737.6
2014/02/17,740
2014/02/18,735.25
2014/02/19,735.4
2014/02/20,736.3
2014/02/21,740
2014/02/24,742.3
2014/02/25,738.55
2014/02/26,733.3
2014/02/27,743.85
2014/02/28,744.45
2014/03/03,750
2014/03/04,763.8
2014/03/05,772.85
2014/03/06,781.55
2014/03/07,781.8
2014/03/10,776.85
2014/03/11,770.5
2014/03/12,777.15
2014/03/13,778.95
2014/03/14,773.25
2014/03/17,776.4
2014/03/18,771.4
2014/03/19,768.2
2014/03/20,771.65
2014/03/21,789.3
2014/03/24,794.35
2014/03/25,789.4
2014/03/26,781.15
2014/03/27,760.5
2014/03/28,773.7
2014/03/31,777.1
2014/04/01,781.95
2014/04/02,787.8
2014/04/03,788.85
2014/04/04,790.75
2014/04/07,767.65
2014/04/08,775.85
2014/04/09,782.55
2014/04/10,792.3
2014/04/11,806.8
2014/04/14,811.5
2014/04/15,795.9
2014/04/16,802.3
2014/04/17,807.1
2014/04/21,777.8
2014/04/22,783.65
2014/04/23,786
2014/04/24,802.3
2014/04/25,811.2
2014/04/28,800.7
2014/04/29,807.9
2014/04/30,812.5
2014/05/01,814.15
2014/05/02,812.4
2014/05/05,816.5
2014/05/06,818.4
2014/05/07,796.7
2014/05/08,804.05
2014/05/09,799.75
2014/05/12,808.15
2014/05/13,817.3
2014/05/14,828.8
2014/05/15,812.1
2014/05/16,815
2014/05/19,815.6
2014/05/20,825.85
2014/05/21,828.05
2014/05/22,836.45
2014/05/23,831.45
2014/05/26,833.85
2014/05/27,830.65
2014/05/28,839.85
2014/05/29,834.5
2014/05/30,836.35
2014/06/02,832.65
2014/06/03,836.7
2014/06/04,837.15
2014/06/05,839.45
2014/06/06,844.25
2014/06/09,841.6
2014/06/10,854.8
2014/06/11,860.15
2014/06/12,819.4
2014/06/13,812.6
2014/06/16,809.1
2014/06/17,816.7
2014/06/18,822.65
2014/06/19,838.6
2014/06/20,822.2
2014/06/23,822.65
2014/06/24,830.4
2014/06/25,833.25
2014/06/26,834.65
2014/06/27,842.85
2014/06/30,843.15
2014/07/01,854
2014/07/02,857.4
2014/07/03,861.9
2014/07/04,865.1
2014/07/07,868.25
2014/07/08,872.9
2014/07/09,872.7
2014/07/10,873.6
2014/07/11,875.3
2014/07/14,872
2014/07/15,868.55
2014/07/16,876.75
2014/07/17,885.1
2014/07/18,881.5
2014/07/21,877.55
2014/07/22,875.25
2014/07/23,874.3
2014/07/24,870.95
2014/07/25,879.8
2014/07/28,881.55
2014/07/29,878.3
2014/07/30,879.15
2014/07/31,872.3
2014/08/01,864.55
2014/08/04,855.1
2014/08/05,848.35
2014/08/06,848.9
2014/08/07,856.05
2014/08/08,860.5
2014/08/11,874.7
2014/08/12,878
2014/08/13,880.55
2014/08/14,886.15
2014/08/15,894.5
2014/08/18,894.9
2014/08/19,880.8
2014/08/20,868.45
2014/08/21,879.9
2014/08/22,887.6
2014/08/25,889.75
2014/08/26,888.7
2014/08/27,894.75
2014/08/28,898.1
2014/08/29,909.55
2014/09/01,907.8
2014/09/02,883.25
2014/09/03,875.95
2014/09/04,887.35
2014/09/05,891.45
2014/09/08,886.4
2014/09/09,860.65
2014/09/10,849.05
2014/09/11,833.2
2014/09/12,836.05
2014/09/15,835.9
2014/09/16,844.3
2014/09/17,839.05
2014/09/18,831.65
2014/09/19,812.6
2014/09/22,803.15
2014/09/23,815.8
2014/09/24,820.05
2014/09/25,803
2014/09/26,783.8
2014/09/28,785.25
2014/09/29,789.5
2014/09/30,775.15
2014/10/01,784.55
2014/10/02,768.65
2014/10/03,754.55
2014/10/06,766.1
2014/10/07,787.7
2014/10/08,796.45
2014/10/09,800.5
2014/10/10,785.05
2014/10/13,785.95
2014/10/14,795.1
2014/10/15,764.25
2014/10/16,746
2014/10/17,756.7
2014/10/20,762.3
2014/10/21,776
2014/10/22,776.7
2014/10/23,779.3
2014/10/24,780.9
2014/10/27,787.15
2014/10/28,793.35
2014/10/29,800.7
2014/10/30,780.7
2014/10/31,791.8
2014/11/03,804.4
2014/11/04,790.65
2014/11/05,760.5
2014/11/06,752.6
2014/11/07,772.55
2014/11/10,766.25
2014/11/11,772.7
2014/11/12,773.65
2014/11/13,770.85
2014/11/14,771.35
2014/11/17,768.7
2014/11/18,776.7
2014/11/19,769.95
2014/11/20,767.15
2014/11/21,794.9
2014/11/23,791.35
2014/11/24,790.1
2014/11/25,796.85
2014/11/26,802.5
2014/11/27,805.1
2014/11/28,813.3
2014/12/01,808.1
2014/12/02,803.75
2014/12/03,797.55
2014/12/04,801.9
2014/12/05,802.7
2014/12/08,797.8
2014/12/09,814.5
2014/12/10,819.45
2014/12/11,819.6
2014/12/12,816.55
2014/12/15,802.55
2014/12/16,784
2014/12/17,787.9
2014/12/18,792.15
2014/12/19,805.1
2014/12/22,811.35
2014/12/23,814.05
2014/12/24,807.8
2014/12/26,818.6
2014/12/29,810.9
2014/12/30,804.2
2014/12/31,802.8
2015/01/01,792
2015/01/02,794.85
2015/01/05,795.9
2015/01/06,802.1
2015/01/07,790.4
2015/01/08,793.35
2015/01/09,800.15
2015/01/12,814.1
2015/01/13,815.35
2015/01/14,767.25
2015/01/15,766.35
2015/01/16,754.3
2015/01/19,756.25
2015/01/20,779.6
2015/01/21,764.7
2015/01/22,773.55
2015/01/23,774.1
2015/01/26,779.35
2015/01/27,781.8
2015/01/28,796.3
2015/01/29,773.3
2015/01/30,772.4
2015/02/02,788.1
2015/02/03,786
2015/02/04,790.5
2015/02/05,795.75
2015/02/06,781.3
2015/02/09,779.65
2015/02/10,765.7
2015/02/11,766.55
2015/02/12,779.35
2015/02/13,794.45
2015/02/17,783.25
2015/02/18,776.6
2015/02/19,787.2
2015/02/20,779.2
2015/02/23,785.4
2015/02/24,790.35
2015/02/25,809.3
2015/02/26,811.05
2015/02/27,819.5
2015/03/02,830.9
2015/03/03,831.65
2015/03/04,832.1
2015/03/05,825.05
2015/03/06,818.15
2015/03/08,823.15
2015/03/09,805.3
2015/03/10,790.75
2015/03/11,786.35
2015/03/12,789.65
2015/03/13,788.7
2015/03/15,781.05
2015/03/16,781.05
2015/03/17,762.15
2015/03/18,764.65
2015/03/19,766.75
2015/03/20,779.1
2015/03/23,770.6
2015/03/24,763.7
2015/03/25,765.2
2015/03/26,773.35
2015/03/27,741
2015/03/30,729
2015/03/31,733.6
2015/04/01,748.85
2015/04/02,746.3
2015/04/03,746.3
2015/04/06,769.5
2015/04/07,769
2015/04/08,753.5
2015/04/09,762.4
2015/04/10,776.05
2015/04/13,771.4
2015/04/14,763.1
2015/04/15,767.1
2015/04/16,778.9
2015/04/17,782.95
2015/04/20,772.6
2015/04/21,774.55
2015/04/22,755.9
2015/04/23,769.9
2015/04/24,770.25
2015/04/27,782.85
2015/04/28,780.5
2015/04/29,784.75
2015/04/30,776.75
2015/05/01,773.75
2015/05/04,782.65
2015/05/05,794.95
2015/05/06,793.85
2015/05/07,785.75
2015/05/08,802.35
2015/05/11,781.65
2015/05/12,785.15
2015/05/13,789.4
2015/05/14,779.5
2015/05/15,794.95
2015/05/18,793.65
2015/05/19,775.15
2015/05/20,775.9
2015/05/21,776.1
2015/05/22,784
2015/05/25,788
2015/05/26,780.4
2015/05/27,785.6
2015/05/28,785.6
2015/05/29,777.1
2015/06/01,772.75
2015/06/02,768.2
2015/06/03,757.45
2015/06/04,755.3
2015/06/05,750.95
2015/06/08,742.8
2015/06/09,739.9
2015/06/10,743.5
2015/06/11,743.1
2015/06/12,738.15
2015/06/15,734.15
2015/06/16,733.75
2015/06/17,719.75
2015/06/18,718.3
2015/06/19,707.4
2015/06/22,695.45
2015/06/23,695.75
2015/06/24,695.7
2015/06/25,679.35
2015/06/26,678.6
2015/06/29,666.45
2015/06/30,672.65
2015/07/01,697.45
2015/07/02,694.15
2015/07/03,685
2015/07/06,676.15
2015/07/07,652.4
2015/07/08,653.5
2015/07/09,638
2015/07/10,650.35
2015/07/13,658.95
2015/07/14,657.1
2015/07/15,642.9
2015/07/16,631.95
2015/07/17,619
2015/07/20,612.05
2015/07/21,629.45
2015/07/22,626.75
2015/07/23,617.85
2015/07/24,622.6
2015/07/27,613.1
2015/07/28,619.7
2015/07/29,615.6
2015/07/30,620.55
2015/07/31,610.85
2015/08/03,603.2
2015/08/04,598.6
2015/08/05,593
2015/08/06,599.8
2015/08/07,596.9
2015/08/10,606.2
2015/08/11,599.35
2015/08/12,623.1
2015/08/13,615.7
2015/08/14,617.5
2015/08/17,613.8
2015/08/18,597
2015/08/19,609.75
2015/08/20,623.25
2015/08/21,604.45
2015/08/24,575.05
2015/08/25,540.1
2015/08/26,529.65
2015/08/27,567.9
2015/08/28,590.15
2015/08/31,599.9
2015/09/01,579.2
2015/09/02,583.6
2015/09/03,581.55
2015/09/04,577.15
2015/09/07,582.9
2015/09/08,586.55
2015/09/09,577.95
2015/09/10,592.5
2015/09/11,591
2015/09/14,587.8
2015/09/15,600.45
2015/09/16,611.95
2015/09/17,599.2
2015/09/18,610.85
2015/09/21,616.1
2015/09/22,609.15
2015/09/23,645.7
2015/09/24,656.45
2015/09/25,667.6
2015/09/28,651.85
2015/09/29,657.7
2015/09/30,650.95
2015/10/01,679.4
2015/10/02,697.6
2015/10/05,689.2
2015/10/06,707.7
2015/10/07,699.5
2015/10/08,703.15
2015/10/09,708.15
2015/10/12,694.65
2015/10/13,685.35
2015/10/14,700.85
2015/10/15,705
2015/10/16,699.4
2015/10/19,688.1
2015/10/20,694.85
2015/10/21,677.15
2015/10/22,685.6
2015/10/23,693.85
2015/10/26,683.9
2015/10/27,678.75
2015/10/28,686.1
2015/10/29,670.8
2015/10/30,677.25
2015/11/02,650.35
2015/11/03,644
2015/11/04,629.3
2015/11/05,606.3
2015/11/06,612.95
2015/11/09,599
2015/11/10,597.8
2015/11/11,577
2015/11/12,558.7
2015/11/13,539.25
2015/11/16,551.55
2015/11/17,546.5
2015/11/18,532.05
2015/11/19,541
2015/11/20,558.9
2015/11/23,541.35
2015/11/24,542.25
2015/11/25,552
2015/11/26,558.65
2015/11/27,550.65
2015/11/30,543.2
2015/12/01,539.2
2015/12/02,527.55
2015/12/03,536.8
2015/12/04,566.85
2015/12/07,555.3
2015/12/08,547.9
2015/12/09,552.35
2015/12/10,542.25
2015/12/11,544.8
2015/12/14,548.7
2015/12/15,566.95
2015/12/16,571.85
2015/12/17,557.45
2015/12/18,558.95
2015/12/21,553.4
2015/12/22,554.65
2015/12/23,553.2
2015/12/24,559.25
2015/12/28,551.4
2015/12/29,558.4
2015/12/30,548.95
2015/12/31,562
2016/01/04,539.8
2016/01/05,535.05
2016/01/06,508.2
2016/01/07,493
2016/01/08,493.6
2016/01/11,479.25
2016/01/12,469.55
2016/01/13,486.65
2016/01/14,491.25
2016/01/15,487.05
2016/01/18,495.55
2016/01/19,494.9
2016/01/20,489
2016/01/21,499
2016/01/22,499.85
2016/01/25,491.15
2016/01/26,493.4
2016/01/27,502.25
2016/01/28,492
2016/01/29,498.5
2016/02/01,502.35
2016/02/02,491.3
2016/02/03,515.55
2016/02/04,515.6
2016/02/05,498.7
2016/02/08,518.1
2016/02/09,516.85
2016/02/10,524.7
2016/02/11,524.45
2016/02/12,527
2016/02/15,513.2
2016/02/16,509.6
2016/02/17,515.9
2016/02/18,504.85
2016/02/19,499.05
2016/02/22,498.65
2016/02/23,500.05
2016/02/24,487.55
2016/02/25,483.55
2016/02/26,482.45
2016/02/29,495.65
2016/03/01,517.35
2016/03/02,515.3
2016/03/03,542.2
2016/03/04,563
2016/03/07,577.6
2016/03/08,566.85
2016/03/09,566.15
2016/03/10,573.95
2016/03/11,579.95
2016/03/14,572.8
2016/03/15,570.7
2016/03/16,577.5
2016/03/17,597.8
2016/03/18,590.05
2016/03/21,602.95
2016/03/22,605.6
2016/03/23,583.1
2016/03/24,572.65
2016/03/28,567
2016/03/29,573.2
2016/03/30,566.35
2016/03/31,564
2016/04/01,560.9
2016/04/04,552.4
2016/04/05,543.65
2016/04/06,537.95
2016/04/07,533.8
2016/04/08,538.65
2016/04/11,545.5
2016/04/12,544.15
2016/04/13,542.5
2016/04/14,560.9
2016/04/15,568.25
2016/04/18,568
2016/04/19,582.15
2016/04/20,597.05
2016/04/21,610.05
2016/04/22,606.2
2016/04/25,605.6
2016/04/26,604.5
2016/04/27,609.65
2016/04/28,624.35
2016/04/29,627.65
2016/05/02,624.75
2016/05/03,608.85
2016/05/04,596.45
2016/05/05,600.7
2016/05/06,607.2
2016/05/09,584.1
2016/05/10,592.2
2016/05/11,608.05
2016/05/12,596.65
2016/05/13,592.4
2016/05/16,591
2016/05/17,584.6
2016/05/18,574.15
2016/05/19,558.45
2016/05/20,558.9
2016/05/23,550.25
2016/05/24,537.95
2016/05/25,530.85
2016/05/26,543.65
2016/05/27,539
2016/05/30,542.15
2016/05/31,547.35
2016/06/01,546.75
2016/06/02,534.45
2016/06/03,549.35
2016/06/06,557
2016/06/07,552.15
2016/06/08,561.2
2016/06/09,560.6
2016/06/10,545.95
2016/06/13,545.85
2016/06/14,535.75
2016/06/15,532.55
2016/06/16,534.95
2016/06/17,529.65
2016/06/20,548.45
2016/06/21,551.35
2016/06/22,562.25
2016/06/23,565.9
2016/06/24,546.45
2016/06/27,557.4
2016/06/28,569.95
2016/06/29,590.55
2016/06/30,597.35
2016/07/01,605.65
2016/07/04,615.7
2016/07/05,602.65
2016/07/06,607.55
2016/07/07,612.35
2016/07/08,617.1
2016/07/11,625.75
2016/07/12,628.95
2016/07/13,644.2
2016/07/14,651.1
2016/07/15,647.4
2016/07/18,646.05
2016/07/19,656.4
2016/07/20,676
2016/07/21,685.45
2016/07/22,686.05
2016/07/25,688.75
2016/07/26,692.8
2016/07/27,703.9
2016/07/28,698.65
2016/07/29,709.75
2016/08/01,716.25
2016/08/02,717.7
2016/08/03,713.85
2016/08/04,706
2016/08/05,696.3
2016/08/08,693.3
2016/08/09,694.35
2016/08/10,726.4
2016/08/11,691.8
2016/08/12,690.8
2016/08/15,692.25
2016/08/16,705.1
2016/08/17,691.7
2016/08/18,713.4
2016/08/19,709.35
2016/08/22,692.15
2016/08/23,699.85
2016/08/24,682.5
2016/08/25,687.4
2016/08/26,693.75
2016/08/29,699.25
2016/08/30,678.2
2016/08/31,669.95
2016/09/01,661.7
2016/09/02,673.55
2016/09/05,680.4
2016/09/06,700.65
2016/09/07,688.35
2016/09/08,687.85
2016/09/09,679.45
2016/09/12,656.7
2016/09/13,656.1
2016/09/14,656.5
2016/09/15,656.6
2016/09/16,672.4
2016/09/19,686.25
2016/09/20,683.5
2016/09/21,683.9
2016/09/22,700.45
2016/09/23,706.4
2016/09/26,695.2
2016/09/27,701.05
2016/09/28,714.4
2016/09/29,719.5
2016/09/30,721.5
2016/10/03,711.8
2016/10/04,699.55
2016/10/05,675.6
2016/10/06,666.15
2016/10/07,667.4
2016/10/10,668.65
2016/10/11,648.15
2016/10/12,647.85
2016/10/13,636.85
2016/10/14,648.3
2016/10/17,637.8
2016/10/18,639.4
2016/10/19,635.5
2016/10/20,632.85
2016/10/21,620.75
2016/10/24,633.75
2016/10/25,634.85
2016/10/26,620.95
2016/10/27,613.2
2016/10/28,616.35
2016/10/31,618
2016/11/01,633.7
2016/11/02,630.2
2016/11/03,618.2
2016/11/04,624.8
2016/11/07,647.75
2016/11/08,662.65
2016/11/09,679.9
2016/11/10,689.5
2016/11/11,684.7
2016/11/14,696.55
2016/11/15,707.5
2016/11/16,718.8
2016/11/17,729.65
2016/11/18,727.8
2016/11/21,726.55
2016/11/22,744.25
2016/11/23,735
2016/11/24,734.2
2016/11/25,737.4
2016/11/28,756.35
2016/11/29,765.25
2016/11/30,772.65
2016/12/01,751.7
2016/12/02,745.5
2016/12/05,746.05
2016/12/06,734.4
2016/12/07,732.65
2016/12/08,739.05
2016/12/09,735.05
2016/12/12,727.55
2016/12/13,730.6
2016/12/14,732.55
2016/12/15,705.65
2016/12/16,697.25
2016/12/19,678.7
2016/12/20,670.85
2016/12/21,659.9
2016/12/22,656.6
2016/12/23,654.85
2016/12/26,660.5
2016/12/27,673.8
2016/12/28,666.85
2016/12/29,675.65
2016/12/30,683.25
2017/01/02,685.25
2017/01/03,709.9
2017/01/04,738.8
2017/01/05,738.2
2017/01/06,758.35
2017/01/09,757.15
2017/01/10,765.25
2017/01/11,753.9
2017/01/12,765.25
2017/01/13,749.15
2017/01/16,746
2017/01/17,749.15
2017/01/18,753
2017/01/19,751.15
2017/01/20,788.4
2017/01/23,771.5
2017/01/24,795.85
2017/01/25,736.1
2017/01/26,724.45
2017/01/27,738.6
2017/01/30,738.45
2017/01/31,754.3
2017/02/01,762.9
2017/02/02,759.05
2017/02/03,749
2017/02/06,774.3
2017/02/07,764.45
2017/02/08,769.75
2017/02/09,772.55
2017/02/10,783.1
2017/02/13,774.95
2017/02/14,780.9
2017/02/15,786.2
2017/02/16,793.3
2017/02/17,779.2
2017/02/20,773.65
2017/02/21,778.8
2017/02/22,769.05
2017/02/23,774.6
2017/02/24,772.95
2017/02/27,785
2017/02/28,771.7
2017/03/01,779
2017/03/02,769.75
2017/03/03,767.7
2017/03/06,773.15
2017/03/07,775
2017/03/08,770.4
2017/03/09,748.05
2017/03/10,745.15
2017/03/13,754.45
2017/03/14,741.7
2017/03/15,745.45
2017/03/16,766.65
2017/03/17,775.8
2017/03/20,781.65
2017/03/21,787.65
2017/03/22,789.45
2017/03/23,800.15
2017/03/24,813.35
2017/03/27,794.45
2017/03/28,792.6
2017/03/29,790.2
2017/03/30,797.5
2017/03/31,798.15
2017/04/03,802.55
2017/04/04,806.95
2017/04/05,807.75
2017/04/06,804.1
2017/04/07,803.7
2017/04/10,790
2017/04/11,803.1
2017/04/12,796.3
2017/04/13,795.9
2017/04/17,788.55
2017/04/18,771
2017/04/19,775.6
2017/04/20,802.9
2017/04/21,790.75
2017/04/24,795.45
2017/04/25,796.65
2017/04/26,805.15
2017/04/27,813
2017/04/28,826.7
2017/05/01,814.45
2017/05/02,813.6
2017/05/03,799.3
2017/05/04,800.65
2017/05/05,813.05
2017/05/08,806.95
2017/05/09,793.6
2017/05/10,799.35
2017/05/11,798.95
2017/05/12,803.5
2017/05/15,797
2017/05/16,792
2017/05/17,777
2017/05/18,765.45
2017/05/19,760.7
2017/05/22,759.1
2017/05/23,772.35
2017/05/24,761.65
2017/05/25,768.5
2017/05/26,786.7
2017/05/29,794.5
2017/05/30,802.65
2017/05/31,815.95
2017/06/01,823.1
2017/06/02,834.05
2017/06/05,841.85
2017/06/06,848.4
2017/06/07,828.2
2017/06/08,846.5
2017/06/09,856.2
2017/06/12,864.25
2017/06/13,857.55
2017/06/14,853.8
2017/06/15,857.95
2017/06/16,865.65
2017/06/19,855.6
2017/06/20,867.15
2017/06/21,876.45
2017/06/22,880.5
2017/06/23,856.65
2017/06/26,863.95
2017/06/27,858.35
2017/06/28,854.6
2017/06/29,846.1
2017/06/30,836.65
2017/07/03,842.4
2017/07/04,850.25
2017/07/05,834.4
2017/07/06,832.2
2017/07/07,831.25
2017/07/10,837.35
2017/07/11,846.85
2017/07/12,861.55
2017/07/13,854.75
2017/07/14,856.75
2017/07/17,865.55
2017/07/18,864.4
2017/07/19,859.15
2017/07/20,847.6
2017/07/21,844.35
2017/07/24,849.05
2017/07/25,856.95
2017/07/26,862.9
2017/07/27,876.9
2017/07/28,880.15
2017/07/31,885.4
2017/08/01,893.4
2017/08/02,892.2
2017/08/03,881
2017/08/04,875.55
2017/08/07,885.2
2017/08/08,898.4
2017/08/09,891.85
2017/08/10,897.05
2017/08/11,894.7
2017/08/14,898.15
2017/08/15,892.05
2017/08/16,910.2
2017/08/17,926.15
2017/08/18,927.1
2017/08/21,939
2017/08/22,932.35
2017/08/23,933
2017/08/24,936.15
2017/08/25,931.05
2017/08/28,932.35
2017/08/29,943.7
2017/08/30,931.05
2017/08/31,932.25
2017/09/01,977.1
2017/09/04,975.5
2017/09/05,957
2017/09/06,931.9
2017/09/07,948.85
2017/09/08,931.25
2017/09/11,931.65
2017/09/12,943.4
2017/09/13,933.7
2017/09/14,914.3
2017/09/15,921.75
2017/09/18,930.45
2017/09/19,904.3
2017/09/20,910.15
2017/09/21,911.55
2017/09/22,919.85
2017/09/25,909.7
2017/09/26,914.45
2017/09/27,925.5
2017/09/28,927.85
2017/09/29,936.85
2017/10/02,911.3
2017/10/03,916.9
2017/10/04,919.65
2017/10/05,936.5
2017/10/06,919
2017/10/09,928
2017/10/10,933.65
2017/10/11,958.95
2017/10/12,973.7
2017/10/13,985.5
2017/10/16,976.3
2017/10/17,975.95
2017/10/18,952.95
2017/10/19,952.8
2017/10/20,969.85
2017/10/23,949.95
2017/10/24,961.2
2017/10/25,958.1
2017/10/26,968.1
2017/10/27,958.25
2017/10/30,962.65
2017/10/31,980.55
2017/11/01,999.55
2017/11/02,995.4
2017/11/03,992.9
2017/11/06,996.5
2017/11/07,995.5
2017/11/08,"1,017.20"
2017/11/09,"1,005.80"
2017/11/10,994.5
2017/11/13,991.1
2017/11/14,986.95
2017/11/15,986.5
2017/11/16,986.25
2017/11/17,994.3
2017/11/20,987.5
2017/11/21,997.9
2017/11/22,"1,003.35"
2017/11/24,995.1
2017/11/27,"1,002.45"
2017/11/28,"1,022.05"
2017/11/29,"1,009.95"
2017/11/30,"1,006.60"
2017/12/01,"1,020.05"
2017/12/04,998.75
2017/12/05,991.75
2017/12/06,"1,001.55"
2017/12/07,"1,016.30"
2017/12/08,"1,009.75"
2017/12/11,"1,012.10"
2017/12/12,"1,015.70"
2017/12/13,"1,017.40"
2017/12/14,"1,042.05"
2017/12/15,"1,028.75"
2017/12/18,"1,025.40"
2017/12/19,"1,031.95"
2017/12/20,"1,037.95"
2017/12/21,"1,043.00"
2017/12/22,"1,044.85"
2017/12/26,"1,057.75"
2017/12/27,"1,071.65"
2017/12/28,"1,076.20"
2017/12/29,"1,073.75"
2018/01/02,"1,090.00"
2018/01/03,"1,086.00"
2018/01/04,"1,097.40"
2018/01/05,"1,084.85"
2018/01/08,"1,098.55"
2018/01/09,"1,100.80"
2018/01/10,"1,080.05"
2018/01/11,"1,078.90"
2018/01/12,"1,108.00"
2018/01/16,"1,090.80"
2018/01/17,"1,112.35"
2018/01/18,"1,095.95"
2018/01/19,"1,101.05"
2018/01/22,"1,094.95"
2018/01/23,"1,086.90"
2018/01/24,"1,109.00"
2018/01/25,"1,100.05"
2018/01/26,"1,087.70"
2018/01/29,"1,086.05"
2018/01/30,"1,056.40"
2018/01/31,"1,027.50"
2018/02/01,"1,028.65"
2018/02/02,"1,048.90"
2018/02/05,"1,036.90"
2018/02/06,"1,006.45"
2018/02/07,988.5
2018/02/08,966.15
2018/02/09,967.3
2018/02/12,980.1
2018/02/13,984.65
2018/02/14,"1,001.25"
2018/02/15,"1,010.60"
2018/02/16,"1,037.65"
2018/02/20,"1,029.05"
2018/02/21,"1,024.40"
2018/02/22,"1,035.40"
2018/02/23,"1,043.05"
2018/02/26,"1,056.50"
2018/02/27,"1,029.20"
2018/02/28,"1,047.20"
2018/03/01,983.15
2018/03/02,995.45
2018/03/05,987.35
2018/03/06,988.15
2018/03/07,968.9
2018/03/08,975.45
2018/03/09,990.6
2018/03/12,971.4
2018/03/13,995.35
2018/03/14,988.5
2018/03/15,984.75
2018/03/16,992.3
2018/03/19,991.15
2018/03/20,979.65
2018/03/21,990.2
2018/03/22,985.55
2018/03/23,975.05
2018/03/26,970.35
2018/03/27,972.8
2018/03/28,964.2
2018/03/29,944.8
2018/04/02,928.5
2018/04/03,928.8
2018/04/04,918.9
2018/04/05,901.1
2018/04/06,896.15
2018/04/09,933.5
2018/04/10,950.75
2018/04/11,961.95
2018/04/12,960.15
2018/04/13,981.95
2018/04/16,"1,004.75"
2018/04/17,"1,006.00"
2018/04/18,"1,035.95"
2018/04/19,"1,027.45"
2018/04/20,"1,031.20"
2018/04/23,980.55
2018/04/24,972.65
2018/04/25,968.5
2018/04/26,981.25
2018/04/27,965.2
2018/04/30,962.75
2018/05/01,938.45
2018/05/02,962.35
2018/05/03,960.9
2018/05/04,959.45
2018/05/07,964.3
2018/05/08,965.6
2018/05/09,972.8
2018/05/10,996.1
2018/05/11,987.4
2018/05/14,997.9
2018/05/15,985.4
2018/05/16,984.7
2018/05/17,979.7
2018/05/18,962.4
2018/05/21,992.6
2018/05/22,989
2018/05/23,973.3
2018/05/24,969.7
2018/05/25,979
2018/05/29,972.3
2018/05/30,976
2018/05/31,988.9
2018/06/01,"1,002.10"
2018/06/04,"1,000.50"
2018/06/05,998.7
2018/06/06,"1,027.10"
2018/06/07,"1,021.50"
2018/06/08,"1,018.00"
2018/06/11,"1,028.80"
2018/06/12,"1,027.60"
2018/06/13,"1,019.50"
2018/06/14,"1,018.90"
2018/06/15,993.8
2018/06/18,994.9
2018/06/19,970.3
2018/06/20,967.1
2018/06/21,955.5
2018/06/22,956.3
2018/06/25,945.3
2018/06/26,964.6
2018/06/27,951.3
2018/06/28,938.3
2018/06/29,958.3
2018/07/02,941.8
2018/07/03,945.4
2018/07/05,950.1
2018/07/06,955
2018/07/09,962.1
2018/07/10,945
2018/07/11,944.4
2018/07/12,956.2
2018/07/13,940.2
2018/07/16,920.9
2018/07/17,916.6
2018/07/18,909.2
2018/07/19,873.6
2018/07/20,896.3
2018/07/23,910
2018/07/24,916
2018/07/25,935.7
2018/07/26,941
2018/07/27,925.9
2018/07/30,930.5
2018/07/31,939.9
2018/08/01,919.9
2018/08/02,923.5
2018/08/03,915.9
2018/08/06,911.6
2018/08/07,910.9
2018/08/08,894.4
2018/08/09,906.4
2018/08/10,909.1
2018/08/13,888.9
2018/08/14,898
2018/08/15,845.2
2018/08/16,882.8
2018/08/17,892.8
2018/08/20,913.7
2018/08/21,925
2018/08/22,933.2
2018/08/23,926.2
2018/08/24,943.6
2018/08/27,956.9
2018/08/28,954.4
2018/08/29,973.5
2018/08/30,963.7
2018/08/31,980.3
2018/09/04,977.9
2018/09/05,971.6
2018/09/06,981.6
2018/09/07,987.8
2018/09/10,983.6
2018/09/11,980.9
2018/09/12,993.3
2018/09/13,997
2018/09/14,998.8
2018/09/17,"1,005.30"
2018/09/18,"1,027.40"
2018/09/19,"1,053.40"
2018/09/20,"1,066.80"
2018/09/21,"1,066.90"
2018/09/24,"1,071.60"
2018/09/25,"1,073.30"
2018/09/26,"1,082.60"
2018/09/27,"1,089.20"
2018/09/28,"1,090.80"
2018/10/01,"1,074.40"
2018/10/02,"1,068.70"
2018/10/03,"1,071.00"
2018/10/04,"1,063.50"
2018/10/05,"1,075.10"
2018/10/08,"1,086.90"
2018/10/09,"1,080.10"
2018/10/10,"1,085.20"
2018/10/11,"1,093.20"
2018/10/12,"1,078.80"
2018/10/15,"1,096.20"
2018/10/16,"1,091.90"
2018/10/17,"1,085.60"
2018/10/18,"1,082.70"
2018/10/19,"1,087.90"
2018/10/22,"1,125.70"
2018/10/23,"1,140.80"
2018/10/24,"1,130.30"
2018/10/25,"1,105.60"
2018/10/26,"1,103.90"
2018/10/29,"1,097.30"
2018/10/30,"1,071.60"
2018/10/31,"1,085.10"
2018/11/01,"1,098.00"
2018/11/02,"1,121.10"
2018/11/05,"1,138.20"
2018/11/06,"1,111.90"
2018/11/07,"1,137.30"
2018/11/08,"1,132.70"
2018/11/09,"1,114.10"
2018/11/12,"1,102.20"
2018/11/13,"1,108.70"
2018/11/14,"1,126.80"
2018/11/15,"1,154.00"
2018/11/16,"1,171.20"
2018/11/19,"1,157.90"
2018/11/20,"1,142.70"
2018/11/21,"1,149.80"
2018/11/23,"1,131.10"
2018/11/26,"1,141.30"
2018/11/27,"1,148.40"
2018/11/28,"1,178.30"
2018/11/29,"1,163.40"
2018/11/30,"1,168.60"
2018/12/03,"1,189.60"
2018/12/04,"1,204.20"
2018/12/05,"1,211.60"
2018/12/06,"1,167.50"
2018/12/07,"1,196.40"
2018/12/10,"1,184.30"
2018/12/11,"1,202.90"
2018/12/12,"1,220.10"
2018/12/13,"1,216.30"
2018/12/14,"1,198.60"
2018/12/17,"1,212.00"
2018/12/18,"1,218.10"
2018/12/19,"1,240.20"
2018/12/20,"1,230.80"
2018/12/21,"1,207.70"
2018/12/24,"1,225.10"
2018/12/26,"1,234.90"
2018/12/27,"1,253.40"
2018/12/28,"1,240.10"
2018/12/31,"1,253.90"
2019/01/02,"1,255.50"
2019/01/03,"1,257.00"
2019/01/04,"1,291.10"
2019/01/07,"1,296.90"
2019/01/08,"1,318.10"
2019/01/09,"1,326.10"
2019/01/10,"1,270.70"
2019/01/11,"1,276.20"
2019/01/14,"1,279.50"
2019/01/15,"1,274.60"
2019/01/16,"1,316.00"
2019/01/17,"1,345.70"
2019/01/18,"1,374.10"
2019/01/22,"1,345.50"
2019/01/23,"1,347.20"
2019/01/24,"1,319.70"
2019/01/25,"1,358.80"
2019/01/28,"1,328.30"
2019/01/29,"1,342.60"
2019/01/31,"1,299.90"
2019/02/01,"1,313.60"
2019/02/04,"1,330.40"
2019/02/05,"1,341.20"
2019/02/06,"1,351.60"
2019/02/07,"1,358.10"
2019/02/08,"1,371.20"
2019/02/11,"1,356.80"
2019/02/12,"1,375.40"
2019/02/13,"1,372.60"
2019/02/14,"1,385.90"
2019/02/15,"1,407.20"
2019/02/19,"1,453.90"
2019/02/20,"1,462.10"
2019/02/21,"1,445.10"
2019/02/22,"1,462.20"
2019/02/25,"1,496.50"
2019/02/26,"1,523.50"
2019/02/27,"1,523.40"
2019/02/28,"1,532.00"
2019/03/01,"1,536.60"
2019/03/04,"1,515.60"
2019/03/05,"1,496.40"
2019/03/06,"1,516.90"
2019/03/07,"1,512.40"
2019/03/08,"1,489.00"
2019/03/11,"1,503.70"
2019/03/12,"1,519.90"
2019/03/13,"1,535.70"
2019/03/14,"1,531.70"
2019/03/15,"1,535.60"
2019/03/18,"1,556.80"
2019/03/19,"1,569.70"
2019/03/20,"1,580.80"
2019/03/21,"1,578.30"
2019/03/22,"1,535.90"
2019/03/25,"1,563.80"
2019/03/26,"1,519.10"
2019/03/27,"1,424.70"
2019/03/28,"1,312.90"
2019/03/29,"1,345.00"
2019/04/01,"1,395.00"
2019/04/02,"1,403.50"
2019/04/03,"1,381.30"
2019/04/04,"1,335.50"
2019/04/05,"1,349.10"
2019/04/08,"1,356.30"
2019/04/09,"1,365.80"
2019/04/10,"1,366.40"
2019/04/11,"1,335.80"
2019/04/12,"1,355.20"
2019/04/15,"1,339.70"
2019/04/16,"1,333.40"
2019/04/17,"1,383.60"
2019/04/18,"1,403.50"
2019/04/22,"1,374.80"
2019/04/23,"1,380.60"
2019/04/24,"1,410.10"
2019/04/25,"1,411.60"
2019/04/26,"1,451.90"
2019/04/29,"1,366.70"
2019/04/30,"1,387.40"
2019/05/01,"1,349.10"
2019/05/02,"1,347.90"
2019/05/03,"1,362.70"
2019/05/06,"1,332.80"
2019/05/07,"1,328.10"
2019/05/08,"1,311.10"
2019/05/09,"1,287.70"
2019/05/10,"1,355.40"
2019/05/13,"1,321.50"
2019/05/14,"1,337.70"
2019/05/15,"1,337.60"
2019/05/16,"1,329.40"
2019/05/17,"1,310.50"
2019/05/20,"1,335.70"
2019/05/21,"1,317.20"
2019/05/22,"1,318.20"
2019/05/23,"1,312.50"
2019/05/24,"1,330.40"
2019/05/28,"1,344.20"
2019/05/29,"1,348.60"
2019/05/30,"1,369.80"
2019/05/31,"1,333.90"
2019/06/03,"1,313.70"
2019/06/04,"1,337.10"
2019/06/05,"1,322.50"
2019/06/06,"1,342.60"
2019/06/07,"1,349.50"
2019/06/10,"1,378.60"
2019/06/11,"1,381.50"
2019/06/12,"1,397.40"
2019/06/13,"1,429.60"
2019/06/14,"1,452.70"
2019/06/17,"1,446.60"
2019/06/18,"1,464.40"
2019/06/19,"1,484.10"
2019/06/20,"1,472.10"
2019/06/21,"1,491.30"
2019/06/24,"1,520.40"
2019/06/25,"1,527.20"
2019/06/26,"1,519.80"
2019/06/27,"1,532.20"
2019/06/28,"1,532.40"
2019/07/01,"1,539.10"
2019/07/02,"1,547.20"
2019/07/03,"1,559.80"
2019/07/05,"1,558.60"
2019/07/08,"1,552.50"
2019/07/09,"1,534.60"
2019/07/10,"1,584.60"
2019/07/11,"1,555.60"
2019/07/12,"1,538.90"
2019/07/15,"1,559.40"
2019/07/16,"1,512.80"
2019/07/17,"1,539.70"
2019/07/18,"1,508.40"
2019/07/19,"1,504.80"
2019/07/22,"1,525.70"
2019/07/23,"1,515.10"
2019/07/24,"1,535.00"
2019/07/25,"1,530.40"
2019/07/26,"1,527.50"
2019/07/29,"1,548.60"
2019/07/30,"1,503.90"
2019/07/31,"1,519.20"
2019/08/01,"1,409.10"
2019/08/02,"1,399.00"
2019/08/05,"1,411.10"
2019/08/06,"1,431.80"
2019/08/07,"1,405.10"
2019/08/08,"1,408.30"
2019/08/09,"1,414.10"
2019/08/12,"1,428.90"
2019/08/13,"1,450.60"
2019/08/14,"1,416.00"
2019/08/15,"1,439.00"
2019/08/16,"1,439.30"
2019/08/19,"1,473.30"
2019/08/20,"1,487.80"
2019/08/21,"1,464.20"
2019/08/22,"1,484.00"
2019/08/23,"1,453.30"
2019/08/26,"1,471.30"
2019/08/27,"1,478.30"
2019/08/28,"1,460.80"
2019/08/29,"1,469.10"
2019/08/30,"1,538.60"
2019/09/03,"1,533.20"
2019/09/04,"1,550.30"
2019/09/05,"1,560.20"
2019/09/06,"1,544.10"
2019/09/09,"1,535.90"
2019/09/10,"1,553.00"
2019/09/11,"1,556.60"
2019/09/12,"1,604.60"
2019/09/13,"1,600.50"
2019/09/16,"1,591.50"
2019/09/17,"1,595.40"
2019/09/18,"1,579.30"
2019/09/19,"1,614.40"
2019/09/20,"1,626.80"
2019/09/23,"1,627.40"
2019/09/24,"1,648.20"
2019/09/25,"1,613.20"
2019/09/26,"1,644.30"
2019/09/27,"1,654.30"
2019/09/30,"1,648.90"
2019/10/01,"1,632.10"
2019/10/02,"1,666.90"
2019/10/03,"1,631.60"
2019/10/04,"1,643.80"
2019/10/07,"1,647.70"
2019/10/08,"1,652.10"
2019/10/09,"1,656.10"
2019/10/10,"1,677.30"
2019/10/11,"1,671.50"
2019/10/14,"1,688.40"
2019/10/15,"1,698.00"
2019/10/16,"1,736.40"
2019/10/17,"1,732.10"
2019/10/18,"1,719.00"
2019/10/21,"1,726.70"
2019/10/22,"1,729.90"
2019/10/23,"1,716.00"
2019/10/24,"1,749.30"
2019/10/25,"1,745.60"
2019/10/28,"1,781.80"
2019/10/29,"1,757.60"
2019/10/30,"1,794.60"
2019/10/31,"1,758.10"
2019/11/01,"1,786.80"
2019/11/04,"1,755.30"
2019/11/05,"1,749.20"
2019/11/06,"1,763.60"
2019/11/07,"1,780.30"
2019/11/08,"1,711.10"
2019/11/11,"1,658.50"
2019/11/12,"1,672.60"
2019/11/13,"1,677.60"
2019/11/14,"1,704.60"
2019/11/15,"1,685.00"
2019/11/18,"1,706.90"
2019/11/19,"1,739.90"
2019/11/20,"1,744.30"
2019/11/21,"1,734.40"
2019/11/22,"1,745.90"
2019/11/25,"1,773.90"
2019/11/26,"1,782.30"
2019/11/27,"1,811.40"
2019/11/29,"1,815.60"
2019/12/02,"1,830.20"
2019/12/03,"1,828.20"
2019/12/04,"1,848.90"
2019/12/05,"1,849.20"
2019/12/06,"1,844.20"
2019/12/09,"1,858.80"
2019/12/10,"1,871.30"
2019/12/11,"1,887.30"
2019/12/12,"1,914.10"
2019/12/13,"1,890.40"
2019/12/16,"1,963.50"
2019/12/17,"1,918.50"
2019/12/18,"1,896.10"
2019/12/19,"1,900.90"
2019/12/20,"1,808.80"
2019/12/23,"1,848.90"
2019/12/24,"1,851.70"
2019/12/26,"1,868.50"
2019/12/27,"1,881.00"
2019/12/30,"1,880.30"
2019/12/31,"1,909.10"
2020/01/02,"1,927.80"
2020/01/03,"1,955.50"
2020/01/06,"1,989.40"
2020/01/07,"2,014.10"
2020/01/08,"2,061.20"
2020/01/09,"2,060.20"
2020/01/10,"2,072.70"
2020/01/13,"2,078.90"
2020/01/14,"2,123.30"
2020/01/15,"2,176.10"
2020/01/16,"2,188.80"
2020/01/17,"2,237.90"
2020/01/21,"2,245.70"
2020/01/22,"2,348.60"
2020/01/23,"2,342.00"
2020/01/24,"2,329.30"
2020/01/27,"2,208.60"
2020/01/28,"2,230.10"
2020/01/29,"2,224.10"
2020/01/30,"2,237.60"
2020/01/31,"2,246.60"
2020/02/03,"2,255.40"
2020/02/04,"2,357.50"
2020/02/05,"2,348.60"
2020/02/06,"2,259.10"
2020/02/07,"2,232.10"
2020/02/10,"2,271.70"
2020/02/11,"2,287.60"
2020/02/12,"2,344.40"
2020/02/13,"2,372.90"
2020/02/14,"2,338.60"
2020/02/18,"2,519.50"
2020/02/19,"2,593.10"
2020/02/20,"2,595.80"
2020/02/21,"2,627.30"
2020/02/24,"2,543.20"
2020/02/25,"2,669.70"
2020/02/26,"2,692.80"
2020/02/27,"2,744.70"
2020/02/28,"2,508.80"
2020/03/02,"2,445.40"
2020/03/03,"2,405.20"
2020/03/04,"2,402.70"
2020/03/05,"2,487.10"
2020/03/06,"2,456.90"
2020/03/09,"2,423.40"
2020/03/10,"2,347.50"
2020/03/11,"2,259.40"
2020/03/12,"1,945.00"
2020/03/13,"1,539.20"
2020/03/16,"1,544.20"
2020/03/17,"1,539.70"
2020/03/18,"1,449.90"
2020/03/19,"1,559.50"
2020/03/20,"1,570.30"
2020/03/23,"1,587.00"
2020/03/24,"1,817.00"
2020/03/25,"2,277.70"
2020/03/26,"2,254.60"
2020/03/27,"2,225.30"
2020/03/30,"2,226.10"
2020/03/31,"2,333.30"
2020/04/01,"2,169.30"
2020/04/02,"2,150.20"
2020/04/03,"2,134.50"
2020/04/06,"2,105.30"
2020/04/07,"2,122.80"
2020/04/08,"2,123.70"
2020/04/09,"2,138.50"
2020/04/13,"2,199.20"
2020/04/14,"2,213.90"
2020/04/15,"2,182.10"
2020/04/16,"2,149.20"
2020/04/17,"2,159.40"
2020/04/20,"2,156.00"
2020/04/21,"1,936.10"
2020/04/22,"1,920.70"
2020/04/23,"2,029.50"
2020/04/24,"2,013.80"
2020/04/27,"1,890.90"
2020/04/28,"1,874.80"
2020/04/29,"1,913.50"
2020/04/30,"1,952.10"
2020/05/01,"1,883.50"
2020/05/04,"1,831.00"
2020/05/05,"1,752.20"
2020/05/06,"1,753.60"
2020/05/07,"1,830.40"
2020/05/08,"1,815.80"
2020/05/11,"1,822.80"
2020/05/12,"1,830.10"
2020/05/13,"1,785.40"
2020/05/14,"1,792.90"
2020/05/15,"1,852.60"
2020/05/18,"2,021.80"
2020/05/19,"2,069.40"
2020/05/20,"2,154.10"
2020/05/21,"2,057.00"
2020/05/22,"1,971.80"
2020/05/26,"1,989.10"
2020/05/27,"1,976.60"
2020/05/28,"1,901.60"
2020/05/29,"1,934.50"
2020/06/01,"1,963.40"
2020/06/02,"1,954.00"
2020/06/03,"1,933.40"
2020/06/04,"1,902.50"
2020/06/05,"1,929.90"
2020/06/08,"2,019.20"
2020/06/09,"1,948.20"
2020/06/10,"1,911.90"
2020/06/11,"1,889.90"
2020/06/12,"1,918.30"
2020/06/15,"1,912.90"
2020/06/16,"1,922.50"
2020/06/17,"1,905.30"
2020/06/18,"1,888.40"
2020/06/19,"1,888.20"
2020/06/22,"1,921.90"
2020/06/23,"1,930.90"
2020/06/24,"1,868.30"
2020/06/25,"1,823.60"
2020/06/26,"1,872.90"
2020/06/29,"1,911.60"
2020/06/30,"1,945.40"
2020/07/01,"1,909.20"
2020/07/02,"1,906.10"
2020/07/06,"1,930.80"
2020/07/07,"1,930.10"
2020/07/08,"1,916.80"
2020/07/09,"1,941.70"
2020/07/10,"1,972.90"
2020/07/13,"2,019.40"
2020/07/14,"1,964.10"
2020/07/15,"1,988.50"
2020/07/16,"2,003.60"
2020/07/17,"2,050.20"
2020/07/20,"2,087.90"
2020/07/21,"2,166.70"
2020/07/22,"2,207.50"
2020/07/23,"2,218.30"
2020/07/24,"2,272.60"
2020/07/27,"2,348.20"
2020/07/28,"2,345.50"
2020/07/29,"2,241.20"
2020/07/30,"2,114.90"
2020/07/31,"2,135.30"
2020/08/03,"2,129.70"
2020/08/04,"2,161.00"
2020/08/05,"2,207.60"
2020/08/06,"2,251.80"
2020/08/07,"2,172.60"
2020/08/10,"2,265.20"
2020/08/11,"2,171.60"
2020/08/12,"2,164.80"
2020/08/13,"2,213.40"
2020/08/14,"2,140.40"
2020/08/17,"2,230.40"
2020/08/18,"2,225.20"
2020/08/19,"2,176.00"
2020/08/20,"2,186.90"
2020/08/21,"2,180.30"
2020/08/24,"2,165.50"
2020/08/25,"2,171.90"
2020/08/26,"2,190.60"
2020/08/27,"2,159.20"
2020/08/28,"2,197.80"
2020/08/31,"2,245.40"
2020/09/01,"2,277.20"
2020/09/02,"2,242.90"
2020/09/03,"2,297.00"
2020/09/04,"2,318.60"
2020/09/08,"2,281.20"
2020/09/09,"2,294.00"
2020/09/10,"2,307.40"
2020/09/11,"2,313.10"
2020/09/14,"2,306.70"
2020/09/15,"2,396.30"
2020/09/16,"2,399.90"
2020/09/17,"2,317.60"
2020/09/18,"2,364.00"
2020/09/21,"2,266.10"
2020/09/22,"2,219.70"
2020/09/23,"2,248.40"
2020/09/24,"2,216.70"
2020/09/25,"2,211.40"
2020/09/28,"2,262.30"
2020/09/29,"2,320.10"
2020/09/30,"2,321.30"
2020/10/01,"2,319.00"
2020/10/02,"2,315.80"
2020/10/05,"2,369.20"
2020/10/06,"2,382.00"
2020/10/07,"2,372.90"
2020/10/08,"2,393.80"
2020/10/09,"2,454.00"
2020/10/12,"2,416.40"
2020/10/13,"2,335.10"
2020/10/14,"2,357.10"
2020/10/15,"2,357.90"
2020/10/16,"2,333.10"
2020/10/19,"2,348.30"
2020/10/20,"2,408.50"
2020/10/21,"2,419.80"
2020/10/22,"2,392.80"
2020/10/23,"2,395.60"
2020/10/26,"2,366.10"
2020/10/27,"2,350.40"
2020/10/28,"2,247.10"
2020/10/29,"2,191.40"
2020/10/30,"2,210.30"
2020/11/02,"2,214.30"
2020/11/03,"2,292.40"
2020/11/04,"2,302.30"
2020/11/05,"2,378.30"
2020/11/06,"2,495.20"
2020/11/09,"2,494.60"
2020/11/10,"2,467.20"
2020/11/11,"2,312.90"
2020/11/12,"2,338.40"
2020/11/13,"2,326.30"
2020/11/16,"2,342.20"
2020/11/17,"2,323.60"
2020/11/18,"2,354.00"
2020/11/19,"2,319.80"
2020/11/20,"2,323.30"
2020/11/23,"2,353.80"
2020/11/24,"2,352.20"
2020/11/25,"2,342.60"
2020/11/27,"2,424.40"
2020/11/30,"2,392.80"
2020/12/01,"2,417.30"
2020/12/02,"2,397.40"
2020/12/03,"2,302.10"
2020/12/04,"2,345.80"
2020/12/07,"2,339.90"
2020/12/08,"2,316.70"
2020/12/09,"2,280.30"
2020/12/10,"2,325.00"
2020/12/11,"2,322.10"
2020/12/14,"2,307.90"
2020/12/15,"2,314.20"
2020/12/16,"2,338.70"
2020/12/17,"2,338.00"
2020/12/18,"2,360.90"
2020/12/21,"2,304.40"
2020/12/22,"2,311.10"
2020/12/23,"2,326.30"
2020/12/24,"2,333.10"
2020/12/28,"2,346.50"
2020/12/29,"2,339.00"
2020/12/30,"2,373.10"
2020/12/31,"2,448.50"
2021/01/04,"2,385.90"
2021/01/05,"2,488.10"
2021/01/06,"2,442.80"
2021/01/07,"2,426.30"
2021/01/08,"2,359.70"
2021/01/11,"2,373.50"
2021/01/12,"2,370.90"
2021/01/13,"2,391.80"
2021/01/14,"2,418.00"
2021/01/15,"2,389.80"
2021/01/19,"2,359.70"
2021/01/20,"2,401.90"
2021/01/21,"2,373.80"
2021/01/22,"2,363.90"
2021/01/25,"2,345.60"
2021/01/26,"2,323.70"
2021/01/27,"2,309.20"
2021/01/28,"2,321.00"
2021/01/29,"2,207.10"
2021/02/01,"2,240.40"
2021/02/02,"2,226.40"
2021/02/03,"2,275.30"
2021/02/04,"2,279.40"
2021/02/05,"2,325.00"
2021/02/08,"2,335.40"
2021/02/09,"2,319.30"
2021/02/10,"2,351.20"
2021/02/11,"2,345.70"
2021/02/12,"2,381.30"
2021/02/16,"2,386.90"
2021/02/17,"2,368.40"
2021/02/18,"2,348.80"
2021/02/19,"2,369.20"
2021/02/22,"2,392.10"
2021/02/23,"2,335.10"
2021/02/24,"2,422.10"
2021/02/25,"2,407.30"
2021/02/26,"2,310.10"
2021/03/01,"2,344.60"
2021/03/02,"2,365.20"
2021/03/03,"2,350.90"
2021/03/04,"2,339.10"
2021/03/05,"2,325.70"
